
  .   ____          _            __ _ _
 /\\ / ___'_ __ _ _(_)_ __  __ _ \ \ \ \
( ( )\___ | '_ | '_| | '_ \/ _` | \ \ \ \
 \\/  ___)| |_)| | | | | || (_| |  ) ) ) )
  '  |____| .__|_| |_|_| |_\__, | / / / /
 =========|_|==============|___/=/_/_/_/
 :: Spring Boot ::                (v3.2.2)

2026-03-14T21:53:55.333+05:30  INFO 20192 --- [skillforge-backend] [  restartedMain] com.skillforge.SkillforgeApplication     : Starting SkillforgeApplication using Java 21.0.4 with PID 20192 (C:\Users\shrid\Downloads\skillForge\skillforge-backend\target\classes started by shrid in C:\Users\shrid\Downloads\skillForge\skillforge-backend)
2026-03-14T21:53:55.335+05:30 DEBUG 20192 --- [skillforge-backend] [  restartedMain] com.skillforge.SkillforgeApplication     : Running with Spring Boot v3.2.2, Spring v6.1.3
2026-03-14T21:53:55.335+05:30  INFO 20192 --- [skillforge-backend] [  restartedMain] com.skillforge.SkillforgeApplication     : No active profile set, falling back to 1 default profile: "default"
2026-03-14T21:53:55.336+05:30 DEBUG 20192 --- [skillforge-backend] [  restartedMain] o.s.boot.SpringApplication               : Loading source class com.skillforge.SkillforgeApplication
2026-03-14T21:53:55.374+05:30 DEBUG 20192 --- [skillforge-backend] [  restartedMain] o.s.b.devtools.restart.ChangeableUrls    : Matching URLs for reloading : [file:/C:/Users/shrid/Downloads/skillForge/skillforge-backend/target/classes/]
2026-03-14T21:53:55.375+05:30 DEBUG 20192 --- [skillforge-backend] [  restartedMain] o.s.b.d.settings.DevToolsSettings        : Included patterns for restart : []
2026-03-14T21:53:55.375+05:30 DEBUG 20192 --- [skillforge-backend] [  restartedMain] o.s.b.d.settings.DevToolsSettings        : Excluded patterns for restart : [/spring-boot-starter-[\w-]+/, /spring-boot/(bin|build|out)/, /spring-boot-starter/(bin|build|out)/, /spring-boot-devtools/(bin|build|out)/, /spring-boot-actuator/(bin|build|out)/, /spring-boot-autoconfigure/(bin|build|out)/]
2026-03-14T21:53:55.375+05:30  INFO 20192 --- [skillforge-backend] [  restartedMain] .e.DevToolsPropertyDefaultsPostProcessor : Devtools property defaults active! Set 'spring.devtools.add-properties' to 'false' to disable
2026-03-14T21:53:55.375+05:30  INFO 20192 --- [skillforge-backend] [  restartedMain] .e.DevToolsPropertyDefaultsPostProcessor : For additional web related logging consider setting the 'logging.level.web' property to 'DEBUG'
2026-03-14T21:53:55.376+05:30 DEBUG 20192 --- [skillforge-backend] [  restartedMain] ConfigServletWebServerApplicationContext : Refreshing org.springframework.boot.web.servlet.context.AnnotationConfigServletWebServerApplicationContext@6b26c3fe
2026-03-14T21:53:55.937+05:30  INFO 20192 --- [skillforge-backend] [  restartedMain] .s.d.r.c.RepositoryConfigurationDelegate : Bootstrapping Spring Data JPA repositories in DEFAULT mode.
2026-03-14T21:53:55.953+05:30 DEBUG 20192 --- [skillforge-backend] [  restartedMain] o.s.b.a.AutoConfigurationPackages        : @EnableAutoConfiguration was declared on a class in the package 'com.skillforge'. Automatic @Repository and @Entity scanning is enabled.
2026-03-14T21:53:56.007+05:30  INFO 20192 --- [skillforge-backend] [  restartedMain] .s.d.r.c.RepositoryConfigurationDelegate : Finished Spring Data repository scanning in 63 ms. Found 9 JPA repository interfaces.
2026-03-14T21:53:56.436+05:30 DEBUG 20192 --- [skillforge-backend] [  restartedMain] .s.b.w.e.t.TomcatServletWebServerFactory : Code archive: C:\Users\shrid\.m2\repository\org\springframework\boot\spring-boot\3.2.2\spring-boot-3.2.2.jar
2026-03-14T21:53:56.437+05:30 DEBUG 20192 --- [skillforge-backend] [  restartedMain] .s.b.w.e.t.TomcatServletWebServerFactory : Code archive: C:\Users\shrid\.m2\repository\org\springframework\boot\spring-boot\3.2.2\spring-boot-3.2.2.jar
2026-03-14T21:53:56.437+05:30 DEBUG 20192 --- [skillforge-backend] [  restartedMain] .s.b.w.e.t.TomcatServletWebServerFactory : None of the document roots [src/main/webapp, public, static] point to a directory and will be ignored.
2026-03-14T21:53:56.468+05:30  INFO 20192 --- [skillforge-backend] [  restartedMain] o.s.b.w.embedded.tomcat.TomcatWebServer  : Tomcat initialized with port 8081 (http)
2026-03-14T21:53:56.479+05:30  INFO 20192 --- [skillforge-backend] [  restartedMain] o.apache.catalina.core.StandardService   : Starting service [Tomcat]
2026-03-14T21:53:56.479+05:30  INFO 20192 --- [skillforge-backend] [  restartedMain] o.apache.catalina.core.StandardEngine    : Starting Servlet engine: [Apache Tomcat/10.1.18]
2026-03-14T21:53:56.514+05:30  INFO 20192 --- [skillforge-backend] [  restartedMain] o.a.c.c.C.[Tomcat].[localhost].[/]       : Initializing Spring embedded WebApplicationContext
2026-03-14T21:53:56.515+05:30 DEBUG 20192 --- [skillforge-backend] [  restartedMain] w.s.c.ServletWebServerApplicationContext : Published root WebApplicationContext as ServletContext attribute with name [org.springframework.web.context.WebApplicationContext.ROOT]
2026-03-14T21:53:56.516+05:30  INFO 20192 --- [skillforge-backend] [  restartedMain] w.s.c.ServletWebServerApplicationContext : Root WebApplicationContext: initialization completed in 1140 ms
2026-03-14T21:53:56.538+05:30  INFO 20192 --- [skillforge-backend] [  restartedMain] com.zaxxer.hikari.HikariDataSource       : HikariPool-1 - Starting...
2026-03-14T21:53:56.582+05:30  INFO 20192 --- [skillforge-backend] [  restartedMain] com.zaxxer.hikari.pool.HikariPool        : HikariPool-1 - Added connection org.postgresql.jdbc.PgConnection@319ba97c
2026-03-14T21:53:56.583+05:30  INFO 20192 --- [skillforge-backend] [  restartedMain] com.zaxxer.hikari.HikariDataSource       : HikariPool-1 - Start completed.
2026-03-14T21:53:56.590+05:30  INFO 20192 --- [skillforge-backend] [  restartedMain] o.s.b.a.h2.H2ConsoleAutoConfiguration    : H2 console available at '/h2-console'. Database available at 'jdbc:postgresql://localhost:5432/skillforge'
2026-03-14T21:53:56.673+05:30  INFO 20192 --- [skillforge-backend] [  restartedMain] o.hibernate.jpa.internal.util.LogHelper  : HHH000204: Processing PersistenceUnitInfo [name: default]
2026-03-14T21:53:56.724+05:30  INFO 20192 --- [skillforge-backend] [  restartedMain] org.hibernate.Version                    : HHH000412: Hibernate ORM core version 6.4.1.Final
2026-03-14T21:53:56.754+05:30  INFO 20192 --- [skillforge-backend] [  restartedMain] o.h.c.internal.RegionFactoryInitiator    : HHH000026: Second-level cache disabled
2026-03-14T21:53:56.943+05:30  INFO 20192 --- [skillforge-backend] [  restartedMain] o.s.o.j.p.SpringPersistenceUnitInfo      : No LoadTimeWeaver setup: ignoring JPA class transformer
2026-03-14T21:53:56.993+05:30  WARN 20192 --- [skillforge-backend] [  restartedMain] org.hibernate.orm.deprecation            : HHH90000025: PostgreSQLDialect does not need to be specified explicitly using 'hibernate.dialect' (remove the property setting and it will be selected by default)
2026-03-14T21:53:58.100+05:30  INFO 20192 --- [skillforge-backend] [  restartedMain] o.h.e.t.j.p.i.JtaPlatformInitiator       : HHH000489: No JTA platform available (set 'hibernate.transaction.jta.platform' to enable JTA platform integration)
2026-03-14T21:53:58.308+05:30  INFO 20192 --- [skillforge-backend] [  restartedMain] j.LocalContainerEntityManagerFactoryBean : Initialized JPA EntityManagerFactory for persistence unit 'default'
2026-03-14T21:53:58.563+05:30 DEBUG 20192 --- [skillforge-backend] [  restartedMain] o.s.b.w.s.ServletContextInitializerBeans : Mapping filters: springSecurityFilterChain urls=[/*] order=-100, characterEncodingFilter urls=[/*] order=-2147483648, formContentFilter urls=[/*] order=-9900, requestContextFilter urls=[/*] order=-105, jwtAuthenticationFilter urls=[/*] order=2147483647
2026-03-14T21:53:58.565+05:30 DEBUG 20192 --- [skillforge-backend] [  restartedMain] o.s.b.w.s.ServletContextInitializerBeans : Mapping servlets: dispatcherServlet urls=[/], h2Console urls=[/h2-console/*]
2026-03-14T21:53:58.582+05:30 DEBUG 20192 --- [skillforge-backend] [  restartedMain] o.s.b.w.s.f.OrderedRequestContextFilter  : Filter 'requestContextFilter' configured for use
2026-03-14T21:53:58.583+05:30 DEBUG 20192 --- [skillforge-backend] [  restartedMain] c.s.security.JwtAuthenticationFilter     : Filter 'jwtAuthenticationFilter' configured for use
2026-03-14T21:53:58.584+05:30 DEBUG 20192 --- [skillforge-backend] [  restartedMain] s.b.w.s.f.OrderedCharacterEncodingFilter : Filter 'characterEncodingFilter' configured for use
2026-03-14T21:53:58.584+05:30 DEBUG 20192 --- [skillforge-backend] [  restartedMain] .DelegatingFilterProxyRegistrationBean$1 : Filter 'springSecurityFilterChain' configured for use
2026-03-14T21:53:58.585+05:30 DEBUG 20192 --- [skillforge-backend] [  restartedMain] o.s.b.w.s.f.OrderedFormContentFilter     : Filter 'formContentFilter' configured for use
2026-03-14T21:53:58.972+05:30  WARN 20192 --- [skillforge-backend] [  restartedMain] JpaBaseConfiguration$JpaWebConfiguration : spring.jpa.open-in-view is enabled by default. Therefore, database queries may be performed during view rendering. Explicitly configure spring.jpa.open-in-view to disable this warning
2026-03-14T21:53:59.187+05:30 DEBUG 20192 --- [skillforge-backend] [  restartedMain] s.w.s.m.m.a.RequestMappingHandlerMapping : 65 mappings in 'requestMappingHandlerMapping'
2026-03-14T21:53:59.312+05:30 DEBUG 20192 --- [skillforge-backend] [  restartedMain] o.s.w.s.handler.SimpleUrlHandlerMapping  : Patterns [/webjars/**, /**] in 'resourceHandlerMapping'
2026-03-14T21:53:59.382+05:30  INFO 20192 --- [skillforge-backend] [  restartedMain] o.s.s.web.DefaultSecurityFilterChain     : Will secure any request with [org.springframework.security.web.session.DisableEncodeUrlFilter@456038de, org.springframework.security.web.context.request.async.WebAsyncManagerIntegrationFilter@8d20800, org.springframework.security.web.context.SecurityContextHolderFilter@5375980b, org.springframework.security.web.header.HeaderWriterFilter@13616924, org.springframework.web.filter.CorsFilter@17aa9ab4, org.springframework.security.web.authentication.logout.LogoutFilter@2e2a6ee, com.skillforge.security.JwtAuthenticationFilter@4ac25ca2, org.springframework.security.web.savedrequest.RequestCacheAwareFilter@46b62b99, org.springframework.security.web.servletapi.SecurityContextHolderAwareRequestFilter@4f492244, org.springframework.security.web.authentication.AnonymousAuthenticationFilter@1635c9b7, org.springframework.security.web.session.SessionManagementFilter@1c33dc37, org.springframework.security.web.access.ExceptionTranslationFilter@32bcdbfb, org.springframework.security.web.access.intercept.AuthorizationFilter@3645245a]
2026-03-14T21:53:59.481+05:30 DEBUG 20192 --- [skillforge-backend] [  restartedMain] s.w.s.m.m.a.RequestMappingHandlerAdapter : ControllerAdvice beans: 0 @ModelAttribute, 0 @InitBinder, 1 RequestBodyAdvice, 1 ResponseBodyAdvice
2026-03-14T21:53:59.514+05:30 DEBUG 20192 --- [skillforge-backend] [  restartedMain] .m.m.a.ExceptionHandlerExceptionResolver : ControllerAdvice beans: 1 @ExceptionHandler, 1 ResponseBodyAdvice
2026-03-14T21:53:59.608+05:30 DEBUG 20192 --- [skillforge-backend] [  restartedMain] o.s.b.d.livereload.LiveReloadServer      : Starting live reload server on port 35729
2026-03-14T21:53:59.611+05:30  INFO 20192 --- [skillforge-backend] [  restartedMain] o.s.b.d.a.OptionalLiveReloadServer       : LiveReload server is running on port 35729
2026-03-14T21:53:59.647+05:30  INFO 20192 --- [skillforge-backend] [  restartedMain] o.s.b.w.embedded.tomcat.TomcatWebServer  : Tomcat started on port 8081 (http) with context path ''
2026-03-14T21:53:59.657+05:30 DEBUG 20192 --- [skillforge-backend] [  restartedMain] .s.b.a.l.ConditionEvaluationReportLogger : 


============================
CONDITIONS EVALUATION REPORT
============================


Positive matches:
-----------------

   AopAutoConfiguration matched:
      - @ConditionalOnProperty (spring.aop.auto=true) matched (OnPropertyCondition)

   AopAutoConfiguration.AspectJAutoProxyingConfiguration matched:
      - @ConditionalOnClass found required class 'org.aspectj.weaver.Advice' (OnClassCondition)

   AopAutoConfiguration.AspectJAutoProxyingConfiguration.CglibAutoProxyConfiguration matched:
      - @ConditionalOnProperty (spring.aop.proxy-target-class=true) matched (OnPropertyCondition)

   ApplicationAvailabilityAutoConfiguration#applicationAvailability matched:
      - @ConditionalOnMissingBean (types: org.springframework.boot.availability.ApplicationAvailability; SearchStrategy: all) did not find any beans (OnBeanCondition)

   DataSourceAutoConfiguration matched:
      - @ConditionalOnClass found required classes 'javax.sql.DataSource', 'org.springframework.jdbc.datasource.embedded.EmbeddedDatabaseType' (OnClassCondition)
      - @ConditionalOnMissingBean (types: io.r2dbc.spi.ConnectionFactory; SearchStrategy: all) did not find any beans (OnBeanCondition)

   DataSourceAutoConfiguration.PooledDataSourceConfiguration matched:
      - AnyNestedCondition 1 matched 1 did not; NestedCondition on DataSourceAutoConfiguration.PooledDataSourceCondition.PooledDataSourceAvailable PooledDataSource found supported DataSource; NestedCondition on DataSourceAutoConfiguration.PooledDataSourceCondition.ExplicitType @ConditionalOnProperty (spring.datasource.type) did not find property 'type' (DataSourceAutoConfiguration.PooledDataSourceCondition)
      - @ConditionalOnMissingBean (types: javax.sql.DataSource,javax.sql.XADataSource; SearchStrategy: all) did not find any beans (OnBeanCondition)

   DataSourceAutoConfiguration.PooledDataSourceConfiguration#jdbcConnectionDetails matched:
      - @ConditionalOnMissingBean (types: org.springframework.boot.autoconfigure.jdbc.JdbcConnectionDetails; SearchStrategy: all) did not find any beans (OnBeanCondition)

   DataSourceConfiguration.Hikari matched:
      - @ConditionalOnClass found required class 'com.zaxxer.hikari.HikariDataSource' (OnClassCondition)
      - @ConditionalOnProperty (spring.datasource.type=com.zaxxer.hikari.HikariDataSource) matched (OnPropertyCondition)
      - @ConditionalOnMissingBean (types: javax.sql.DataSource; SearchStrategy: all) did not find any beans (OnBeanCondition)

   DataSourceInitializationConfiguration matched:
      - @ConditionalOnClass found required class 'org.springframework.jdbc.datasource.init.DatabasePopulator' (OnClassCondition)
      - @ConditionalOnSingleCandidate (types: javax.sql.DataSource; SearchStrategy: all) found a single bean 'dataSource'; @ConditionalOnMissingBean (types: org.springframework.boot.autoconfigure.sql.init.SqlDataSourceScriptDatabaseInitializer,org.springframework.boot.autoconfigure.sql.init.SqlR2dbcScriptDatabaseInitializer; SearchStrategy: all) did not find any beans (OnBeanCondition)

   DataSourceJmxConfiguration matched:
      - @ConditionalOnProperty (spring.jmx.enabled=true) matched (OnPropertyCondition)

   DataSourceJmxConfiguration.Hikari matched:
      - @ConditionalOnClass found required class 'com.zaxxer.hikari.HikariDataSource' (OnClassCondition)
      - @ConditionalOnSingleCandidate (types: javax.sql.DataSource; SearchStrategy: all) found a single bean 'dataSource' (OnBeanCondition)

   DataSourcePoolMetadataProvidersConfiguration.HikariPoolDataSourceMetadataProviderConfiguration matched:
      - @ConditionalOnClass found required class 'com.zaxxer.hikari.HikariDataSource' (OnClassCondition)

   DataSourceTransactionManagerAutoConfiguration matched:
      - @ConditionalOnClass found required classes 'org.springframework.jdbc.core.JdbcTemplate', 'org.springframework.transaction.TransactionManager' (OnClassCondition)

   DataSourceTransactionManagerAutoConfiguration.JdbcTransactionManagerConfiguration matched:
      - @ConditionalOnSingleCandidate (types: javax.sql.DataSource; SearchStrategy: all) found a single bean 'dataSource' (OnBeanCondition)

   DevToolsDataSourceAutoConfiguration matched:
      - Devtools devtools enabled. (OnEnabledDevToolsCondition)
      - DevTools DataSource Condition found auto-configured DataSource (DevToolsDataSourceAutoConfiguration.DevToolsDataSourceCondition)

   DevToolsDataSourceAutoConfiguration.DatabaseShutdownExecutorEntityManagerFactoryDependsOnPostProcessor matched:
      - @ConditionalOnClass found required class 'org.springframework.orm.jpa.LocalContainerEntityManagerFactoryBean' (OnClassCondition)
      - @ConditionalOnBean (types: org.springframework.orm.jpa.AbstractEntityManagerFactoryBean; SearchStrategy: all) found bean '&entityManagerFactory' (OnBeanCondition)

   DispatcherServletAutoConfiguration matched:
      - @ConditionalOnClass found required class 'org.springframework.web.servlet.DispatcherServlet' (OnClassCondition)
      - found 'session' scope (OnWebApplicationCondition)

   DispatcherServletAutoConfiguration.DispatcherServletConfiguration matched:
      - @ConditionalOnClass found required class 'jakarta.servlet.ServletRegistration' (OnClassCondition)
      - Default DispatcherServlet did not find dispatcher servlet beans (DispatcherServletAutoConfiguration.DefaultDispatcherServletCondition)

   DispatcherServletAutoConfiguration.DispatcherServletRegistrationConfiguration matched:
      - @ConditionalOnClass found required class 'jakarta.servlet.ServletRegistration' (OnClassCondition)
      - DispatcherServlet Registration did not find servlet registration bean (DispatcherServletAutoConfiguration.DispatcherServletRegistrationCondition)

   DispatcherServletAutoConfiguration.DispatcherServletRegistrationConfiguration#dispatcherServletRegistration matched:
      - @ConditionalOnBean (names: dispatcherServlet types: org.springframework.web.servlet.DispatcherServlet; SearchStrategy: all) found bean 'dispatcherServlet' (OnBeanCondition)

   EmbeddedWebServerFactoryCustomizerAutoConfiguration matched:
      - @ConditionalOnWebApplication (required) found 'session' scope (OnWebApplicationCondition)
      - @ConditionalOnWarDeployment the application is not deployed as a WAR file. (OnWarDeploymentCondition)

   EmbeddedWebServerFactoryCustomizerAutoConfiguration.TomcatWebServerFactoryCustomizerConfiguration matched:
      - @ConditionalOnClass found required classes 'org.apache.catalina.startup.Tomcat', 'org.apache.coyote.UpgradeProtocol' (OnClassCondition)

   ErrorMvcAutoConfiguration matched:
      - @ConditionalOnClass found required classes 'jakarta.servlet.Servlet', 'org.springframework.web.servlet.DispatcherServlet' (OnClassCondition)
      - found 'session' scope (OnWebApplicationCondition)

   ErrorMvcAutoConfiguration#basicErrorController matched:
      - @ConditionalOnMissingBean (types: org.springframework.boot.web.servlet.error.ErrorController; SearchStrategy: current) did not find any beans (OnBeanCondition)

   ErrorMvcAutoConfiguration#errorAttributes matched:
      - @ConditionalOnMissingBean (types: org.springframework.boot.web.servlet.error.ErrorAttributes; SearchStrategy: current) did not find any beans (OnBeanCondition)

   ErrorMvcAutoConfiguration.DefaultErrorViewResolverConfiguration#conventionErrorViewResolver matched:
      - @ConditionalOnBean (types: org.springframework.web.servlet.DispatcherServlet; SearchStrategy: all) found bean 'dispatcherServlet'; @ConditionalOnMissingBean (types: org.springframework.boot.autoconfigure.web.servlet.error.ErrorViewResolver; SearchStrategy: all) did not find any beans (OnBeanCondition)

   ErrorMvcAutoConfiguration.WhitelabelErrorViewConfiguration matched:
      - @ConditionalOnProperty (server.error.whitelabel.enabled) matched (OnPropertyCondition)
      - ErrorTemplate Missing did not find error template view (ErrorMvcAutoConfiguration.ErrorTemplateMissingCondition)

   ErrorMvcAutoConfiguration.WhitelabelErrorViewConfiguration#beanNameViewResolver matched:
      - @ConditionalOnMissingBean (types: org.springframework.web.servlet.view.BeanNameViewResolver; SearchStrategy: all) did not find any beans (OnBeanCondition)

   ErrorMvcAutoConfiguration.WhitelabelErrorViewConfiguration#defaultErrorView matched:
      - @ConditionalOnMissingBean (names: error; SearchStrategy: all) did not find any beans (OnBeanCondition)

   GenericCacheConfiguration matched:
      - Cache org.springframework.boot.autoconfigure.cache.GenericCacheConfiguration automatic cache type (CacheCondition)

   H2ConsoleAutoConfiguration matched:
      - @ConditionalOnClass found required class 'org.h2.server.web.JakartaWebServlet' (OnClassCondition)
      - found 'session' scope (OnWebApplicationCondition)
      - @ConditionalOnProperty (spring.h2.console.enabled=true) matched (OnPropertyCondition)

   HibernateJpaAutoConfiguration matched:
      - @ConditionalOnClass found required classes 'org.springframework.orm.jpa.LocalContainerEntityManagerFactoryBean', 'jakarta.persistence.EntityManager', 'org.hibernate.engine.spi.SessionImplementor' (OnClassCondition)

   HibernateJpaConfiguration matched:
      - @ConditionalOnSingleCandidate (types: javax.sql.DataSource; SearchStrategy: all) found a single bean 'dataSource' (OnBeanCondition)

   HttpEncodingAutoConfiguration matched:
      - @ConditionalOnClass found required class 'org.springframework.web.filter.CharacterEncodingFilter' (OnClassCondition)
      - found 'session' scope (OnWebApplicationCondition)
      - @ConditionalOnProperty (server.servlet.encoding.enabled) matched (OnPropertyCondition)

   HttpEncodingAutoConfiguration#characterEncodingFilter matched:
      - @ConditionalOnMissingBean (types: org.springframework.web.filter.CharacterEncodingFilter; SearchStrategy: all) did not find any beans (OnBeanCondition)

   HttpMessageConvertersAutoConfiguration matched:
      - @ConditionalOnClass found required class 'org.springframework.http.converter.HttpMessageConverter' (OnClassCondition)
      - NoneNestedConditions 0 matched 1 did not; NestedCondition on HttpMessageConvertersAutoConfiguration.NotReactiveWebApplicationCondition.ReactiveWebApplication did not find reactive web application classes (HttpMessageConvertersAutoConfiguration.NotReactiveWebApplicationCondition)

   HttpMessageConvertersAutoConfiguration#messageConverters matched:
      - @ConditionalOnMissingBean (types: org.springframework.boot.autoconfigure.http.HttpMessageConverters; SearchStrategy: all) did not find any beans (OnBeanCondition)

   HttpMessageConvertersAutoConfiguration.StringHttpMessageConverterConfiguration matched:
      - @ConditionalOnClass found required class 'org.springframework.http.converter.StringHttpMessageConverter' (OnClassCondition)

   HttpMessageConvertersAutoConfiguration.StringHttpMessageConverterConfiguration#stringHttpMessageConverter matched:
      - @ConditionalOnMissingBean (types: org.springframework.http.converter.StringHttpMessageConverter; SearchStrategy: all) did not find any beans (OnBeanCondition)

   JacksonAutoConfiguration matched:
      - @ConditionalOnClass found required class 'com.fasterxml.jackson.databind.ObjectMapper' (OnClassCondition)

   JacksonAutoConfiguration.Jackson2ObjectMapperBuilderCustomizerConfiguration matched:
      - @ConditionalOnClass found required class 'org.springframework.http.converter.json.Jackson2ObjectMapperBuilder' (OnClassCondition)

   JacksonAutoConfiguration.JacksonObjectMapperBuilderConfiguration matched:
      - @ConditionalOnClass found required class 'org.springframework.http.converter.json.Jackson2ObjectMapperBuilder' (OnClassCondition)

   JacksonAutoConfiguration.JacksonObjectMapperBuilderConfiguration#jacksonObjectMapperBuilder matched:
      - @ConditionalOnMissingBean (types: org.springframework.http.converter.json.Jackson2ObjectMapperBuilder; SearchStrategy: all) did not find any beans (OnBeanCondition)

   JacksonAutoConfiguration.JacksonObjectMapperConfiguration matched:
      - @ConditionalOnClass found required class 'org.springframework.http.converter.json.Jackson2ObjectMapperBuilder' (OnClassCondition)

   JacksonAutoConfiguration.JacksonObjectMapperConfiguration#jacksonObjectMapper matched:
      - @ConditionalOnMissingBean (types: com.fasterxml.jackson.databind.ObjectMapper; SearchStrategy: all) did not find any beans (OnBeanCondition)

   JacksonAutoConfiguration.ParameterNamesModuleConfiguration matched:
      - @ConditionalOnClass found required class 'com.fasterxml.jackson.module.paramnames.ParameterNamesModule' (OnClassCondition)

   JacksonAutoConfiguration.ParameterNamesModuleConfiguration#parameterNamesModule matched:
      - @ConditionalOnMissingBean (types: com.fasterxml.jackson.module.paramnames.ParameterNamesModule; SearchStrategy: all) did not find any beans (OnBeanCondition)

   JacksonHttpMessageConvertersConfiguration.MappingJackson2HttpMessageConverterConfiguration matched:
      - @ConditionalOnClass found required class 'com.fasterxml.jackson.databind.ObjectMapper' (OnClassCondition)
      - @ConditionalOnProperty (spring.mvc.converters.preferred-json-mapper=jackson) matched (OnPropertyCondition)
      - @ConditionalOnBean (types: com.fasterxml.jackson.databind.ObjectMapper; SearchStrategy: all) found bean 'jacksonObjectMapper' (OnBeanCondition)

   JacksonHttpMessageConvertersConfiguration.MappingJackson2HttpMessageConverterConfiguration#mappingJackson2HttpMessageConverter matched:
      - @ConditionalOnMissingBean (types: org.springframework.http.converter.json.MappingJackson2HttpMessageConverter ignored: org.springframework.hateoas.server.mvc.TypeConstrainedMappingJackson2HttpMessageConverter,org.springframework.data.rest.webmvc.alps.AlpsJsonHttpMessageConverter; SearchStrategy: all) did not find any beans (OnBeanCondition)

   JdbcClientAutoConfiguration matched:
      - @ConditionalOnSingleCandidate (types: org.springframework.jdbc.core.namedparam.NamedParameterJdbcTemplate; SearchStrategy: all) found a single bean 'namedParameterJdbcTemplate'; @ConditionalOnMissingBean (types: org.springframework.jdbc.core.simple.JdbcClient; SearchStrategy: all) did not find any beans (OnBeanCondition)

   JdbcTemplateAutoConfiguration matched:
      - @ConditionalOnClass found required classes 'javax.sql.DataSource', 'org.springframework.jdbc.core.JdbcTemplate' (OnClassCondition)
      - @ConditionalOnSingleCandidate (types: javax.sql.DataSource; SearchStrategy: all) found a single bean 'dataSource' (OnBeanCondition)

   JdbcTemplateConfiguration matched:
      - @ConditionalOnMissingBean (types: org.springframework.jdbc.core.JdbcOperations; SearchStrategy: all) did not find any beans (OnBeanCondition)

   JpaBaseConfiguration#entityManagerFactory matched:
      - @ConditionalOnMissingBean (types: org.springframework.orm.jpa.LocalContainerEntityManagerFactoryBean,jakarta.persistence.EntityManagerFactory; SearchStrategy: all) did not find any beans (OnBeanCondition)

   JpaBaseConfiguration#entityManagerFactoryBuilder matched:
      - @ConditionalOnMissingBean (types: org.springframework.boot.orm.jpa.EntityManagerFactoryBuilder; SearchStrategy: all) did not find any beans (OnBeanCondition)

   JpaBaseConfiguration#jpaVendorAdapter matched:
      - @ConditionalOnMissingBean (types: org.springframework.orm.jpa.JpaVendorAdapter; SearchStrategy: all) did not find any beans (OnBeanCondition)

   JpaBaseConfiguration#transactionManager matched:
      - @ConditionalOnMissingBean (types: org.springframework.transaction.TransactionManager; SearchStrategy: all) did not find any beans (OnBeanCondition)

   JpaBaseConfiguration.JpaWebConfiguration matched:
      - @ConditionalOnClass found required class 'org.springframework.web.servlet.config.annotation.WebMvcConfigurer' (OnClassCondition)
      - found 'session' scope (OnWebApplicationCondition)
      - @ConditionalOnProperty (spring.jpa.open-in-view=true) matched (OnPropertyCondition)
      - @ConditionalOnMissingBean (types: org.springframework.orm.jpa.support.OpenEntityManagerInViewInterceptor,org.springframework.orm.jpa.support.OpenEntityManagerInViewFilter; SearchStrategy: all) did not find any beans (OnBeanCondition)

   JpaBaseConfiguration.PersistenceManagedTypesConfiguration matched:
      - @ConditionalOnMissingBean (types: org.springframework.orm.jpa.LocalContainerEntityManagerFactoryBean,jakarta.persistence.EntityManagerFactory; SearchStrategy: all) did not find any beans (OnBeanCondition)

   JpaBaseConfiguration.PersistenceManagedTypesConfiguration#persistenceManagedTypes matched:
      - @ConditionalOnMissingBean (types: org.springframework.orm.jpa.persistenceunit.PersistenceManagedTypes; SearchStrategy: all) did not find any beans (OnBeanCondition)

   JpaRepositoriesAutoConfiguration matched:
      - @ConditionalOnClass found required class 'org.springframework.data.jpa.repository.JpaRepository' (OnClassCondition)
      - @ConditionalOnProperty (spring.data.jpa.repositories.enabled=true) matched (OnPropertyCondition)
      - @ConditionalOnBean (types: javax.sql.DataSource; SearchStrategy: all) found bean 'dataSource'; @ConditionalOnMissingBean (types: org.springframework.data.jpa.repository.support.JpaRepositoryFactoryBean,org.springframework.data.jpa.repository.config.JpaRepositoryConfigExtension; SearchStrategy: all) did not find any beans (OnBeanCondition)

   JtaAutoConfiguration matched:
      - @ConditionalOnClass found required class 'jakarta.transaction.Transaction' (OnClassCondition)
      - @ConditionalOnProperty (spring.jta.enabled) matched (OnPropertyCondition)

   LifecycleAutoConfiguration#defaultLifecycleProcessor matched:
      - @ConditionalOnMissingBean (names: lifecycleProcessor; SearchStrategy: current) did not find any beans (OnBeanCondition)

   LocalDevToolsAutoConfiguration matched:
      - Initialized Restarter Condition available and initialized (OnInitializedRestarterCondition)

   LocalDevToolsAutoConfiguration.LiveReloadConfiguration matched:
      - @ConditionalOnProperty (spring.devtools.livereload.enabled) matched (OnPropertyCondition)

   LocalDevToolsAutoConfiguration.LiveReloadConfiguration#liveReloadServer matched:
      - @ConditionalOnMissingBean (types: org.springframework.boot.devtools.livereload.LiveReloadServer; SearchStrategy: all) did not find any beans (OnBeanCondition)

   LocalDevToolsAutoConfiguration.RestartConfiguration matched:
      - @ConditionalOnProperty (spring.devtools.restart.enabled) matched (OnPropertyCondition)

   LocalDevToolsAutoConfiguration.RestartConfiguration#classPathFileSystemWatcher matched:
      - @ConditionalOnMissingBean (types: org.springframework.boot.devtools.classpath.ClassPathFileSystemWatcher; SearchStrategy: all) did not find any beans (OnBeanCondition)

   LocalDevToolsAutoConfiguration.RestartConfiguration#classPathRestartStrategy matched:
      - @ConditionalOnMissingBean (types: org.springframework.boot.devtools.classpath.ClassPathRestartStrategy; SearchStrategy: all) did not find any beans (OnBeanCondition)

   LocalDevToolsAutoConfiguration.RestartConfiguration#conditionEvaluationDeltaLoggingListener matched:
      - @ConditionalOnProperty (spring.devtools.restart.log-condition-evaluation-delta) matched (OnPropertyCondition)

   MultipartAutoConfiguration matched:
      - @ConditionalOnClass found required classes 'jakarta.servlet.Servlet', 'org.springframework.web.multipart.support.StandardServletMultipartResolver', 'jakarta.servlet.MultipartConfigElement' (OnClassCondition)
      - found 'session' scope (OnWebApplicationCondition)
      - @ConditionalOnProperty (spring.servlet.multipart.enabled) matched (OnPropertyCondition)

   MultipartAutoConfiguration#multipartConfigElement matched:
      - @ConditionalOnMissingBean (types: jakarta.servlet.MultipartConfigElement; SearchStrategy: all) did not find any beans (OnBeanCondition)

   MultipartAutoConfiguration#multipartResolver matched:
      - @ConditionalOnMissingBean (types: org.springframework.web.multipart.MultipartResolver; SearchStrategy: all) did not find any beans (OnBeanCondition)

   NamedParameterJdbcTemplateConfiguration matched:
      - @ConditionalOnSingleCandidate (types: org.springframework.jdbc.core.JdbcTemplate; SearchStrategy: all) found a single bean 'jdbcTemplate'; @ConditionalOnMissingBean (types: org.springframework.jdbc.core.namedparam.NamedParameterJdbcOperations; SearchStrategy: all) did not find any beans (OnBeanCondition)

   NoOpCacheConfiguration matched:
      - Cache org.springframework.boot.autoconfigure.cache.NoOpCacheConfiguration automatic cache type (CacheCondition)

   PersistenceExceptionTranslationAutoConfiguration matched:
      - @ConditionalOnClass found required class 'org.springframework.dao.annotation.PersistenceExceptionTranslationPostProcessor' (OnClassCondition)

   PersistenceExceptionTranslationAutoConfiguration#persistenceExceptionTranslationPostProcessor matched:
      - @ConditionalOnProperty (spring.dao.exceptiontranslation.enabled) matched (OnPropertyCondition)
      - @ConditionalOnMissingBean (types: org.springframework.dao.annotation.PersistenceExceptionTranslationPostProcessor; SearchStrategy: all) did not find any beans (OnBeanCondition)

   PropertyPlaceholderAutoConfiguration#propertySourcesPlaceholderConfigurer matched:
      - @ConditionalOnMissingBean (types: org.springframework.context.support.PropertySourcesPlaceholderConfigurer; SearchStrategy: current) did not find any beans (OnBeanCondition)

   RestClientAutoConfiguration matched:
      - @ConditionalOnClass found required class 'org.springframework.web.client.RestClient' (OnClassCondition)
      - NoneNestedConditions 0 matched 1 did not; NestedCondition on NotReactiveWebApplicationCondition.ReactiveWebApplication did not find reactive web application classes (NotReactiveWebApplicationCondition)

   RestClientAutoConfiguration#httpMessageConvertersRestClientCustomizer matched:
      - @ConditionalOnMissingBean (types: org.springframework.boot.autoconfigure.web.client.HttpMessageConvertersRestClientCustomizer; SearchStrategy: all) did not find any beans (OnBeanCondition)

   RestClientAutoConfiguration#restClientBuilder matched:
      - @ConditionalOnMissingBean (types: org.springframework.web.client.RestClient$Builder; SearchStrategy: all) did not find any beans (OnBeanCondition)

   RestClientAutoConfiguration#restClientBuilderConfigurer matched:
      - @ConditionalOnMissingBean (types: org.springframework.boot.autoconfigure.web.client.RestClientBuilderConfigurer; SearchStrategy: all) did not find any beans (OnBeanCondition)

   RestClientAutoConfiguration#restClientSsl matched:
      - @ConditionalOnBean (types: org.springframework.boot.ssl.SslBundles; SearchStrategy: all) found bean 'sslBundleRegistry'; @ConditionalOnMissingBean (types: org.springframework.boot.autoconfigure.web.client.RestClientSsl; SearchStrategy: all) did not find any beans (OnBeanCondition)

   RestTemplateAutoConfiguration matched:
      - @ConditionalOnClass found required class 'org.springframework.web.client.RestTemplate' (OnClassCondition)
      - NoneNestedConditions 0 matched 1 did not; NestedCondition on NotReactiveWebApplicationCondition.ReactiveWebApplication did not find reactive web application classes (NotReactiveWebApplicationCondition)

   RestTemplateAutoConfiguration#restTemplateBuilder matched:
      - @ConditionalOnMissingBean (types: org.springframework.boot.web.client.RestTemplateBuilder; SearchStrategy: all) did not find any beans (OnBeanCondition)

   SecurityAutoConfiguration matched:
      - @ConditionalOnClass found required class 'org.springframework.security.authentication.DefaultAuthenticationEventPublisher' (OnClassCondition)

   SecurityAutoConfiguration#authenticationEventPublisher matched:
      - @ConditionalOnMissingBean (types: org.springframework.security.authentication.AuthenticationEventPublisher; SearchStrategy: all) did not find any beans (OnBeanCondition)

   SecurityFilterAutoConfiguration matched:
      - @ConditionalOnClass found required classes 'org.springframework.security.web.context.AbstractSecurityWebApplicationInitializer', 'org.springframework.security.config.http.SessionCreationPolicy' (OnClassCondition)
      - found 'session' scope (OnWebApplicationCondition)

   SecurityFilterAutoConfiguration#securityFilterChainRegistration matched:
      - @ConditionalOnBean (names: springSecurityFilterChain; SearchStrategy: all) found bean 'springSecurityFilterChain' (OnBeanCondition)

   ServletWebServerFactoryAutoConfiguration matched:
      - @ConditionalOnClass found required class 'jakarta.servlet.ServletRequest' (OnClassCondition)
      - found 'session' scope (OnWebApplicationCondition)

   ServletWebServerFactoryAutoConfiguration#tomcatServletWebServerFactoryCustomizer matched:
      - @ConditionalOnClass found required class 'org.apache.catalina.startup.Tomcat' (OnClassCondition)

   ServletWebServerFactoryConfiguration.EmbeddedTomcat matched:
      - @ConditionalOnClass found required classes 'jakarta.servlet.Servlet', 'org.apache.catalina.startup.Tomcat', 'org.apache.coyote.UpgradeProtocol' (OnClassCondition)
      - @ConditionalOnMissingBean (types: org.springframework.boot.web.servlet.server.ServletWebServerFactory; SearchStrategy: current) did not find any beans (OnBeanCondition)

   SimpleCacheConfiguration matched:
      - Cache org.springframework.boot.autoconfigure.cache.SimpleCacheConfiguration automatic cache type (CacheCondition)

   SpringBootWebSecurityConfiguration matched:
      - found 'session' scope (OnWebApplicationCondition)

   SpringDataWebAutoConfiguration matched:
      - @ConditionalOnClass found required classes 'org.springframework.data.web.PageableHandlerMethodArgumentResolver', 'org.springframework.web.servlet.config.annotation.WebMvcConfigurer' (OnClassCondition)
      - found 'session' scope (OnWebApplicationCondition)
      - @ConditionalOnMissingBean (types: org.springframework.data.web.PageableHandlerMethodArgumentResolver; SearchStrategy: all) did not find any beans (OnBeanCondition)

   SpringDataWebAutoConfiguration#pageableCustomizer matched:
      - @ConditionalOnMissingBean (types: org.springframework.data.web.config.PageableHandlerMethodArgumentResolverCustomizer; SearchStrategy: all) did not find any beans (OnBeanCondition)

   SpringDataWebAutoConfiguration#sortCustomizer matched:
      - @ConditionalOnMissingBean (types: org.springframework.data.web.config.SortHandlerMethodArgumentResolverCustomizer; SearchStrategy: all) did not find any beans (OnBeanCondition)

   SqlInitializationAutoConfiguration matched:
      - @ConditionalOnProperty (spring.sql.init.enabled) matched (OnPropertyCondition)
      - NoneNestedConditions 0 matched 1 did not; NestedCondition on SqlInitializationAutoConfiguration.SqlInitializationModeCondition.ModeIsNever @ConditionalOnProperty (spring.sql.init.mode=never) did not find property 'mode' (SqlInitializationAutoConfiguration.SqlInitializationModeCondition)

   SslAutoConfiguration#sslBundleRegistry matched:
      - @ConditionalOnMissingBean (types: org.springframework.boot.ssl.SslBundleRegistry,org.springframework.boot.ssl.SslBundles; SearchStrategy: all) did not find any beans (OnBeanCondition)

   TaskExecutionAutoConfiguration matched:
      - @ConditionalOnClass found required class 'org.springframework.scheduling.concurrent.ThreadPoolTaskExecutor' (OnClassCondition)

   TaskExecutorConfigurations.SimpleAsyncTaskExecutorBuilderConfiguration#simpleAsyncTaskExecutorBuilder matched:
      - @ConditionalOnMissingBean (types: org.springframework.boot.task.SimpleAsyncTaskExecutorBuilder; SearchStrategy: all) did not find any beans (OnBeanCondition)
      - @ConditionalOnThreading found PLATFORM (OnThreadingCondition)

   TaskExecutorConfigurations.TaskExecutorBuilderConfiguration#taskExecutorBuilder matched:
      - @ConditionalOnMissingBean (types: org.springframework.boot.task.TaskExecutorBuilder; SearchStrategy: all) did not find any beans (OnBeanCondition)

   TaskExecutorConfigurations.TaskExecutorConfiguration matched:
      - @ConditionalOnMissingBean (types: java.util.concurrent.Executor; SearchStrategy: all) did not find any beans (OnBeanCondition)

   TaskExecutorConfigurations.TaskExecutorConfiguration#applicationTaskExecutor matched:
      - @ConditionalOnThreading found PLATFORM (OnThreadingCondition)

   TaskExecutorConfigurations.ThreadPoolTaskExecutorBuilderConfiguration#threadPoolTaskExecutorBuilder matched:
      - @ConditionalOnMissingBean (types: org.springframework.boot.task.TaskExecutorBuilder,org.springframework.boot.task.ThreadPoolTaskExecutorBuilder; SearchStrategy: all) did not find any beans (OnBeanCondition)

   TaskSchedulingAutoConfiguration matched:
      - @ConditionalOnClass found required class 'org.springframework.scheduling.concurrent.ThreadPoolTaskScheduler' (OnClassCondition)

   TaskSchedulingConfigurations.SimpleAsyncTaskSchedulerBuilderConfiguration#simpleAsyncTaskSchedulerBuilder matched:
      - @ConditionalOnMissingBean (types: org.springframework.boot.task.SimpleAsyncTaskSchedulerBuilder; SearchStrategy: all) did not find any beans (OnBeanCondition)
      - @ConditionalOnThreading found PLATFORM (OnThreadingCondition)

   TaskSchedulingConfigurations.TaskSchedulerBuilderConfiguration#taskSchedulerBuilder matched:
      - @ConditionalOnMissingBean (types: org.springframework.boot.task.TaskSchedulerBuilder; SearchStrategy: all) did not find any beans (OnBeanCondition)

   TaskSchedulingConfigurations.ThreadPoolTaskSchedulerBuilderConfiguration#threadPoolTaskSchedulerBuilder matched:
      - @ConditionalOnMissingBean (types: org.springframework.boot.task.TaskSchedulerBuilder,org.springframework.boot.task.ThreadPoolTaskSchedulerBuilder; SearchStrategy: all) did not find any beans (OnBeanCondition)

   TransactionAutoConfiguration matched:
      - @ConditionalOnClass found required class 'org.springframework.transaction.PlatformTransactionManager' (OnClassCondition)

   TransactionAutoConfiguration.EnableTransactionManagementConfiguration matched:
      - @ConditionalOnBean (types: org.springframework.transaction.TransactionManager; SearchStrategy: all) found bean 'transactionManager'; @ConditionalOnMissingBean (types: org.springframework.transaction.annotation.AbstractTransactionManagementConfiguration; SearchStrategy: all) did not find any beans (OnBeanCondition)

   TransactionAutoConfiguration.EnableTransactionManagementConfiguration.CglibAutoProxyConfiguration matched:
      - @ConditionalOnProperty (spring.aop.proxy-target-class=true) matched (OnPropertyCondition)

   TransactionAutoConfiguration.TransactionTemplateConfiguration matched:
      - @ConditionalOnSingleCandidate (types: org.springframework.transaction.PlatformTransactionManager; SearchStrategy: all) found a single bean 'transactionManager' (OnBeanCondition)

   TransactionAutoConfiguration.TransactionTemplateConfiguration#transactionTemplate matched:
      - @ConditionalOnMissingBean (types: org.springframework.transaction.support.TransactionOperations; SearchStrategy: all) did not find any beans (OnBeanCondition)

   TransactionManagerCustomizationAutoConfiguration matched:
      - @ConditionalOnClass found required class 'org.springframework.transaction.PlatformTransactionManager' (OnClassCondition)

   TransactionManagerCustomizationAutoConfiguration#platformTransactionManagerCustomizers matched:
      - @ConditionalOnMissingBean (types: org.springframework.boot.autoconfigure.transaction.TransactionManagerCustomizers; SearchStrategy: all) did not find any beans (OnBeanCondition)

   ValidationAutoConfiguration matched:
      - @ConditionalOnClass found required class 'jakarta.validation.executable.ExecutableValidator' (OnClassCondition)
      - @ConditionalOnResource found location classpath:META-INF/services/jakarta.validation.spi.ValidationProvider (OnResourceCondition)

   ValidationAutoConfiguration#defaultValidator matched:
      - @ConditionalOnMissingBean (types: jakarta.validation.Validator; SearchStrategy: all) did not find any beans (OnBeanCondition)

   ValidationAutoConfiguration#methodValidationPostProcessor matched:
      - @ConditionalOnMissingBean (types: org.springframework.validation.beanvalidation.MethodValidationPostProcessor; SearchStrategy: current) did not find any beans (OnBeanCondition)

   WebMvcAutoConfiguration matched:
      - @ConditionalOnClass found required classes 'jakarta.servlet.Servlet', 'org.springframework.web.servlet.DispatcherServlet', 'org.springframework.web.servlet.config.annotation.WebMvcConfigurer' (OnClassCondition)
      - found 'session' scope (OnWebApplicationCondition)
      - @ConditionalOnMissingBean (types: org.springframework.web.servlet.config.annotation.WebMvcConfigurationSupport; SearchStrategy: all) did not find any beans (OnBeanCondition)

   WebMvcAutoConfiguration#formContentFilter matched:
      - @ConditionalOnProperty (spring.mvc.formcontent.filter.enabled) matched (OnPropertyCondition)
      - @ConditionalOnMissingBean (types: org.springframework.web.filter.FormContentFilter; SearchStrategy: all) did not find any beans (OnBeanCondition)

   WebMvcAutoConfiguration.EnableWebMvcConfiguration#flashMapManager matched:
      - @ConditionalOnMissingBean (names: flashMapManager; SearchStrategy: all) did not find any beans (OnBeanCondition)

   WebMvcAutoConfiguration.EnableWebMvcConfiguration#localeResolver matched:
      - @ConditionalOnMissingBean (names: localeResolver; SearchStrategy: all) did not find any beans (OnBeanCondition)

   WebMvcAutoConfiguration.EnableWebMvcConfiguration#themeResolver matched:
      - @ConditionalOnMissingBean (names: themeResolver; SearchStrategy: all) did not find any beans (OnBeanCondition)

   WebMvcAutoConfiguration.WebMvcAutoConfigurationAdapter#defaultViewResolver matched:
      - @ConditionalOnMissingBean (types: org.springframework.web.servlet.view.InternalResourceViewResolver; SearchStrategy: all) did not find any beans (OnBeanCondition)

   WebMvcAutoConfiguration.WebMvcAutoConfigurationAdapter#requestContextFilter matched:
      - @ConditionalOnMissingBean (types: org.springframework.web.context.request.RequestContextListener,org.springframework.web.filter.RequestContextFilter; SearchStrategy: all) did not find any beans (OnBeanCondition)

   WebMvcAutoConfiguration.WebMvcAutoConfigurationAdapter#viewResolver matched:
      - @ConditionalOnBean (types: org.springframework.web.servlet.ViewResolver; SearchStrategy: all) found beans 'defaultViewResolver', 'beanNameViewResolver', 'mvcViewResolver'; @ConditionalOnMissingBean (names: viewResolver types: org.springframework.web.servlet.view.ContentNegotiatingViewResolver; SearchStrategy: all) did not find any beans (OnBeanCondition)

   WebSocketServletAutoConfiguration matched:
      - @ConditionalOnClass found required classes 'jakarta.servlet.Servlet', 'jakarta.websocket.server.ServerContainer' (OnClassCondition)
      - found 'session' scope (OnWebApplicationCondition)

   WebSocketServletAutoConfiguration.TomcatWebSocketConfiguration matched:
      - @ConditionalOnClass found required classes 'org.apache.catalina.startup.Tomcat', 'org.apache.tomcat.websocket.server.WsSci' (OnClassCondition)

   WebSocketServletAutoConfiguration.TomcatWebSocketConfiguration#websocketServletWebServerCustomizer matched:
      - @ConditionalOnMissingBean (names: websocketServletWebServerCustomizer; SearchStrategy: all) did not find any beans (OnBeanCondition)


Negative matches:
-----------------

   ActiveMQAutoConfiguration:
      Did not match:
         - @ConditionalOnClass did not find required class 'jakarta.jms.ConnectionFactory' (OnClassCondition)

   AopAutoConfiguration.AspectJAutoProxyingConfiguration.JdkDynamicAutoProxyConfiguration:
      Did not match:
         - @ConditionalOnProperty (spring.aop.proxy-target-class=false) did not find property 'proxy-target-class' (OnPropertyCondition)

   AopAutoConfiguration.ClassProxyingConfiguration:
      Did not match:
         - @ConditionalOnMissingClass found unwanted class 'org.aspectj.weaver.Advice' (OnClassCondition)

   ArtemisAutoConfiguration:
      Did not match:
         - @ConditionalOnClass did not find required class 'jakarta.jms.ConnectionFactory' (OnClassCondition)

   BatchAutoConfiguration:
      Did not match:
         - @ConditionalOnClass did not find required class 'org.springframework.batch.core.launch.JobLauncher' (OnClassCondition)

   Cache2kCacheConfiguration:
      Did not match:
         - @ConditionalOnClass did not find required class 'org.cache2k.Cache2kBuilder' (OnClassCondition)

   CacheAutoConfiguration:
      Did not match:
         - @ConditionalOnBean (types: org.springframework.cache.interceptor.CacheAspectSupport; SearchStrategy: all) did not find any beans of type org.springframework.cache.interceptor.CacheAspectSupport (OnBeanCondition)
      Matched:
         - @ConditionalOnClass found required class 'org.springframework.cache.CacheManager' (OnClassCondition)

   CacheAutoConfiguration.CacheManagerEntityManagerFactoryDependsOnPostProcessor:
      Did not match:
         - Ancestor org.springframework.boot.autoconfigure.cache.CacheAutoConfiguration did not match (ConditionEvaluationReport.AncestorsMatchedCondition)
      Matched:
         - @ConditionalOnClass found required class 'org.springframework.orm.jpa.LocalContainerEntityManagerFactoryBean' (OnClassCondition)

   CaffeineCacheConfiguration:
      Did not match:
         - @ConditionalOnClass did not find required class 'com.github.benmanes.caffeine.cache.Caffeine' (OnClassCondition)

   CassandraAutoConfiguration:
      Did not match:
         - @ConditionalOnClass did not find required class 'com.datastax.oss.driver.api.core.CqlSession' (OnClassCondition)

   CassandraDataAutoConfiguration:
      Did not match:
         - @ConditionalOnClass did not find required class 'com.datastax.oss.driver.api.core.CqlSession' (OnClassCondition)

   CassandraReactiveDataAutoConfiguration:
      Did not match:
         - @ConditionalOnClass did not find required class 'com.datastax.oss.driver.api.core.CqlSession' (OnClassCondition)

   CassandraReactiveRepositoriesAutoConfiguration:
      Did not match:
         - @ConditionalOnClass did not find required class 'org.springframework.data.cassandra.ReactiveSession' (OnClassCondition)

   CassandraRepositoriesAutoConfiguration:
      Did not match:
         - @ConditionalOnClass did not find required class 'com.datastax.oss.driver.api.core.CqlSession' (OnClassCondition)

   ClientHttpConnectorAutoConfiguration:
      Did not match:
         - @ConditionalOnClass did not find required class 'org.springframework.web.reactive.function.client.WebClient' (OnClassCondition)

   CodecsAutoConfiguration:
      Did not match:
         - @ConditionalOnClass did not find required class 'org.springframework.web.reactive.function.client.WebClient' (OnClassCondition)

   CouchbaseAutoConfiguration:
      Did not match:
         - @ConditionalOnClass did not find required class 'com.couchbase.client.java.Cluster' (OnClassCondition)

   CouchbaseCacheConfiguration:
      Did not match:
         - @ConditionalOnClass did not find required class 'com.couchbase.client.java.Cluster' (OnClassCondition)

   CouchbaseDataAutoConfiguration:
      Did not match:
         - @ConditionalOnClass did not find required class 'com.couchbase.client.java.Bucket' (OnClassCondition)

   CouchbaseReactiveDataAutoConfiguration:
      Did not match:
         - @ConditionalOnClass did not find required class 'com.couchbase.client.java.Cluster' (OnClassCondition)

   CouchbaseReactiveRepositoriesAutoConfiguration:
      Did not match:
         - @ConditionalOnClass did not find required class 'com.couchbase.client.java.Cluster' (OnClassCondition)

   CouchbaseRepositoriesAutoConfiguration:
      Did not match:
         - @ConditionalOnClass did not find required class 'com.couchbase.client.java.Bucket' (OnClassCondition)

   DataSourceAutoConfiguration.EmbeddedDatabaseConfiguration:
      Did not match:
         - EmbeddedDataSource spring.datasource.url is set (DataSourceAutoConfiguration.EmbeddedDatabaseCondition)

   DataSourceCheckpointRestoreConfiguration:
      Did not match:
         - @ConditionalOnClass did not find required class 'org.crac.Resource' (OnClassCondition)

   DataSourceConfiguration.Dbcp2:
      Did not match:
         - @ConditionalOnClass did not find required class 'org.apache.commons.dbcp2.BasicDataSource' (OnClassCondition)

   DataSourceConfiguration.Generic:
      Did not match:
         - @ConditionalOnProperty (spring.datasource.type) did not find property 'spring.datasource.type' (OnPropertyCondition)

   DataSourceConfiguration.OracleUcp:
      Did not match:
         - @ConditionalOnClass did not find required classes 'oracle.ucp.jdbc.PoolDataSourceImpl', 'oracle.jdbc.OracleConnection' (OnClassCondition)

   DataSourceConfiguration.Tomcat:
      Did not match:
         - @ConditionalOnClass did not find required class 'org.apache.tomcat.jdbc.pool.DataSource' (OnClassCondition)

   DataSourceJmxConfiguration.TomcatDataSourceJmxConfiguration:
      Did not match:
         - @ConditionalOnClass did not find required class 'org.apache.tomcat.jdbc.pool.DataSourceProxy' (OnClassCondition)

   DataSourcePoolMetadataProvidersConfiguration.CommonsDbcp2PoolDataSourceMetadataProviderConfiguration:
      Did not match:
         - @ConditionalOnClass did not find required class 'org.apache.commons.dbcp2.BasicDataSource' (OnClassCondition)

   DataSourcePoolMetadataProvidersConfiguration.OracleUcpPoolDataSourceMetadataProviderConfiguration:
      Did not match:
         - @ConditionalOnClass did not find required classes 'oracle.ucp.jdbc.PoolDataSource', 'oracle.jdbc.OracleConnection' (OnClassCondition)

   DataSourcePoolMetadataProvidersConfiguration.TomcatDataSourcePoolMetadataProviderConfiguration:
      Did not match:
         - @ConditionalOnClass did not find required class 'org.apache.tomcat.jdbc.pool.DataSource' (OnClassCondition)

   DataSourceTransactionManagerAutoConfiguration.JdbcTransactionManagerConfiguration#transactionManager:
      Did not match:
         - @ConditionalOnMissingBean (types: org.springframework.transaction.TransactionManager; SearchStrategy: all) found beans of type 'org.springframework.transaction.TransactionManager' transactionManager (OnBeanCondition)

   DevToolsR2dbcAutoConfiguration:
      Did not match:
         - @ConditionalOnClass did not find required class 'io.r2dbc.spi.ConnectionFactory' (OnClassCondition)

   DispatcherServletAutoConfiguration.DispatcherServletConfiguration#multipartResolver:
      Did not match:
         - @ConditionalOnBean (types: org.springframework.web.multipart.MultipartResolver; SearchStrategy: all) did not find any beans of type org.springframework.web.multipart.MultipartResolver (OnBeanCondition)

   ElasticsearchClientAutoConfiguration:
      Did not match:
         - @ConditionalOnClass did not find required class 'co.elastic.clients.elasticsearch.ElasticsearchClient' (OnClassCondition)

   ElasticsearchDataAutoConfiguration:
      Did not match:
         - @ConditionalOnClass did not find required class 'org.springframework.data.elasticsearch.client.elc.ElasticsearchTemplate' (OnClassCondition)

   ElasticsearchRepositoriesAutoConfiguration:
      Did not match:
         - @ConditionalOnClass did not find required class 'org.springframework.data.elasticsearch.repository.ElasticsearchRepository' (OnClassCondition)

   ElasticsearchRestClientAutoConfiguration:
      Did not match:
         - @ConditionalOnClass did not find required class 'org.elasticsearch.client.RestClientBuilder' (OnClassCondition)

   EmbeddedLdapAutoConfiguration:
      Did not match:
         - @ConditionalOnClass did not find required class 'com.unboundid.ldap.listener.InMemoryDirectoryServer' (OnClassCondition)

   EmbeddedWebServerFactoryCustomizerAutoConfiguration.JettyWebServerFactoryCustomizerConfiguration:
      Did not match:
         - @ConditionalOnClass did not find required classes 'org.eclipse.jetty.server.Server', 'org.eclipse.jetty.util.Loader', 'org.eclipse.jetty.ee10.webapp.WebAppContext' (OnClassCondition)

   EmbeddedWebServerFactoryCustomizerAutoConfiguration.NettyWebServerFactoryCustomizerConfiguration:
      Did not match:
         - @ConditionalOnClass did not find required class 'reactor.netty.http.server.HttpServer' (OnClassCondition)

   EmbeddedWebServerFactoryCustomizerAutoConfiguration.TomcatWebServerFactoryCustomizerConfiguration#tomcatVirtualThreadsProtocolHandlerCustomizer:
      Did not match:
         - @ConditionalOnThreading did not find VIRTUAL (OnThreadingCondition)

   EmbeddedWebServerFactoryCustomizerAutoConfiguration.UndertowWebServerFactoryCustomizerConfiguration:
      Did not match:
         - @ConditionalOnClass did not find required classes 'io.undertow.Undertow', 'org.xnio.SslClientAuthMode' (OnClassCondition)

   ErrorWebFluxAutoConfiguration:
      Did not match:
         - @ConditionalOnClass did not find required class 'org.springframework.web.reactive.config.WebFluxConfigurer' (OnClassCondition)

   FlywayAutoConfiguration:
      Did not match:
         - @ConditionalOnClass did not find required class 'org.flywaydb.core.Flyway' (OnClassCondition)

   FreeMarkerAutoConfiguration:
      Did not match:
         - @ConditionalOnClass did not find required class 'freemarker.template.Configuration' (OnClassCondition)

   GraphQlAutoConfiguration:
      Did not match:
         - @ConditionalOnClass did not find required class 'graphql.GraphQL' (OnClassCondition)

   GraphQlQueryByExampleAutoConfiguration:
      Did not match:
         - @ConditionalOnClass did not find required class 'graphql.GraphQL' (OnClassCondition)

   GraphQlQuerydslAutoConfiguration:
      Did not match:
         - @ConditionalOnClass did not find required class 'com.querydsl.core.Query' (OnClassCondition)

   GraphQlRSocketAutoConfiguration:
      Did not match:
         - @ConditionalOnClass did not find required class 'graphql.GraphQL' (OnClassCondition)

   GraphQlReactiveQueryByExampleAutoConfiguration:
      Did not match:
         - @ConditionalOnClass did not find required class 'graphql.GraphQL' (OnClassCondition)

   GraphQlReactiveQuerydslAutoConfiguration:
      Did not match:
         - @ConditionalOnClass did not find required class 'com.querydsl.core.Query' (OnClassCondition)

   GraphQlWebFluxAutoConfiguration:
      Did not match:
         - @ConditionalOnClass did not find required class 'graphql.GraphQL' (OnClassCondition)

   GraphQlWebFluxSecurityAutoConfiguration:
      Did not match:
         - @ConditionalOnClass did not find required class 'graphql.GraphQL' (OnClassCondition)

   GraphQlWebMvcAutoConfiguration:
      Did not match:
         - @ConditionalOnClass did not find required class 'graphql.GraphQL' (OnClassCondition)

   GraphQlWebMvcSecurityAutoConfiguration:
      Did not match:
         - @ConditionalOnClass did not find required class 'graphql.GraphQL' (OnClassCondition)

   GroovyTemplateAutoConfiguration:
      Did not match:
         - @ConditionalOnClass did not find required class 'groovy.text.markup.MarkupTemplateEngine' (OnClassCondition)

   GsonAutoConfiguration:
      Did not match:
         - @ConditionalOnClass did not find required class 'com.google.gson.Gson' (OnClassCondition)

   GsonHttpMessageConvertersConfiguration:
      Did not match:
         - @ConditionalOnClass did not find required class 'com.google.gson.Gson' (OnClassCondition)

   HazelcastAutoConfiguration:
      Did not match:
         - @ConditionalOnClass did not find required class 'com.hazelcast.core.HazelcastInstance' (OnClassCondition)

   HazelcastCacheConfiguration:
      Did not match:
         - @ConditionalOnClass did not find required class 'com.hazelcast.core.HazelcastInstance' (OnClassCondition)

   HazelcastJpaDependencyAutoConfiguration:
      Did not match:
         - @ConditionalOnClass did not find required class 'com.hazelcast.core.HazelcastInstance' (OnClassCondition)

   HttpHandlerAutoConfiguration:
      Did not match:
         - @ConditionalOnClass did not find required class 'org.springframework.web.reactive.DispatcherHandler' (OnClassCondition)

   HypermediaAutoConfiguration:
      Did not match:
         - @ConditionalOnClass did not find required class 'org.springframework.hateoas.EntityModel' (OnClassCondition)

   InfinispanCacheConfiguration:
      Did not match:
         - @ConditionalOnClass did not find required class 'org.infinispan.spring.embedded.provider.SpringEmbeddedCacheManager' (OnClassCondition)

   InfluxDbAutoConfiguration:
      Did not match:
         - @ConditionalOnClass did not find required class 'org.influxdb.InfluxDB' (OnClassCondition)

   IntegrationAutoConfiguration:
      Did not match:
         - @ConditionalOnClass did not find required class 'org.springframework.integration.config.EnableIntegration' (OnClassCondition)

   JCacheCacheConfiguration:
      Did not match:
         - @ConditionalOnClass did not find required class 'javax.cache.Caching' (OnClassCondition)

   JacksonHttpMessageConvertersConfiguration.MappingJackson2XmlHttpMessageConverterConfiguration:
      Did not match:
         - @ConditionalOnClass did not find required class 'com.fasterxml.jackson.dataformat.xml.XmlMapper' (OnClassCondition)

   JdbcRepositoriesAutoConfiguration:
      Did not match:
         - @ConditionalOnClass did not find required class 'org.springframework.data.jdbc.repository.config.AbstractJdbcConfiguration' (OnClassCondition)

   JerseyAutoConfiguration:
      Did not match:
         - @ConditionalOnClass did not find required class 'org.glassfish.jersey.server.spring.SpringComponentProvider' (OnClassCondition)

   JmsAutoConfiguration:
      Did not match:
         - @ConditionalOnClass did not find required class 'jakarta.jms.Message' (OnClassCondition)

   JmxAutoConfiguration:
      Did not match:
         - @ConditionalOnProperty (spring.jmx.enabled=true) did not find property 'enabled' (OnPropertyCondition)
      Matched:
         - @ConditionalOnClass found required class 'org.springframework.jmx.export.MBeanExporter' (OnClassCondition)

   JndiConnectionFactoryAutoConfiguration:
      Did not match:
         - @ConditionalOnClass did not find required class 'org.springframework.jms.core.JmsTemplate' (OnClassCondition)

   JndiDataSourceAutoConfiguration:
      Did not match:
         - @ConditionalOnProperty (spring.datasource.jndi-name) did not find property 'jndi-name' (OnPropertyCondition)
      Matched:
         - @ConditionalOnClass found required classes 'javax.sql.DataSource', 'org.springframework.jdbc.datasource.embedded.EmbeddedDatabaseType' (OnClassCondition)

   JndiJtaConfiguration:
      Did not match:
         - @ConditionalOnJndi JNDI environment is not available (OnJndiCondition)
      Matched:
         - @ConditionalOnClass found required class 'org.springframework.transaction.jta.JtaTransactionManager' (OnClassCondition)

   JooqAutoConfiguration:
      Did not match:
         - @ConditionalOnClass did not find required class 'org.jooq.DSLContext' (OnClassCondition)

   JpaRepositoriesAutoConfiguration#entityManagerFactoryBootstrapExecutorCustomizer:
      Did not match:
         - AnyNestedCondition 0 matched 2 did not; NestedCondition on JpaRepositoriesAutoConfiguration.BootstrapExecutorCondition.LazyBootstrapMode @ConditionalOnProperty (spring.data.jpa.repositories.bootstrap-mode=lazy) did not find property 'bootstrap-mode'; NestedCondition on JpaRepositoriesAutoConfiguration.BootstrapExecutorCondition.DeferredBootstrapMode @ConditionalOnProperty (spring.data.jpa.repositories.bootstrap-mode=deferred) did not find property 'bootstrap-mode' (JpaRepositoriesAutoConfiguration.BootstrapExecutorCondition)

   JsonbAutoConfiguration:
      Did not match:
         - @ConditionalOnClass did not find required class 'jakarta.json.bind.Jsonb' (OnClassCondition)

   JsonbHttpMessageConvertersConfiguration:
      Did not match:
         - @ConditionalOnClass did not find required class 'jakarta.json.bind.Jsonb' (OnClassCondition)

   KafkaAutoConfiguration:
      Did not match:
         - @ConditionalOnClass did not find required class 'org.springframework.kafka.core.KafkaTemplate' (OnClassCondition)

   LdapAutoConfiguration:
      Did not match:
         - @ConditionalOnClass did not find required class 'org.springframework.ldap.core.ContextSource' (OnClassCondition)

   LdapRepositoriesAutoConfiguration:
      Did not match:
         - @ConditionalOnClass did not find required class 'org.springframework.data.ldap.repository.LdapRepository' (OnClassCondition)

   LiquibaseAutoConfiguration:
      Did not match:
         - @ConditionalOnClass did not find required class 'liquibase.change.DatabaseChange' (OnClassCondition)

   MailSenderAutoConfiguration:
      Did not match:
         - @ConditionalOnClass did not find required class 'jakarta.mail.internet.MimeMessage' (OnClassCondition)

   MailSenderValidatorAutoConfiguration:
      Did not match:
         - @ConditionalOnSingleCandidate did not find required type 'org.springframework.mail.javamail.JavaMailSenderImpl' (OnBeanCondition)

   MessageSourceAutoConfiguration:
      Did not match:
         - ResourceBundle did not find bundle with basename messages (MessageSourceAutoConfiguration.ResourceBundleCondition)

   MongoAutoConfiguration:
      Did not match:
         - @ConditionalOnClass did not find required class 'com.mongodb.client.MongoClient' (OnClassCondition)

   MongoDataAutoConfiguration:
      Did not match:
         - @ConditionalOnClass did not find required class 'com.mongodb.client.MongoClient' (OnClassCondition)

   MongoReactiveAutoConfiguration:
      Did not match:
         - @ConditionalOnClass did not find required class 'com.mongodb.reactivestreams.client.MongoClient' (OnClassCondition)

   MongoReactiveDataAutoConfiguration:
      Did not match:
         - @ConditionalOnClass did not find required class 'com.mongodb.reactivestreams.client.MongoClient' (OnClassCondition)

   MongoReactiveRepositoriesAutoConfiguration:
      Did not match:
         - @ConditionalOnClass did not find required class 'com.mongodb.reactivestreams.client.MongoClient' (OnClassCondition)

   MongoRepositoriesAutoConfiguration:
      Did not match:
         - @ConditionalOnClass did not find required class 'com.mongodb.client.MongoClient' (OnClassCondition)

   MustacheAutoConfiguration:
      Did not match:
         - @ConditionalOnClass did not find required class 'com.samskivert.mustache.Mustache' (OnClassCondition)

   Neo4jAutoConfiguration:
      Did not match:
         - @ConditionalOnClass did not find required class 'org.neo4j.driver.Driver' (OnClassCondition)

   Neo4jDataAutoConfiguration:
      Did not match:
         - @ConditionalOnClass did not find required class 'org.neo4j.driver.Driver' (OnClassCondition)

   Neo4jReactiveDataAutoConfiguration:
      Did not match:
         - @ConditionalOnClass did not find required class 'org.neo4j.driver.Driver' (OnClassCondition)

   Neo4jReactiveRepositoriesAutoConfiguration:
      Did not match:
         - @ConditionalOnClass did not find required class 'org.neo4j.driver.Driver' (OnClassCondition)

   Neo4jRepositoriesAutoConfiguration:
      Did not match:
         - @ConditionalOnClass did not find required class 'org.neo4j.driver.Driver' (OnClassCondition)

   NettyAutoConfiguration:
      Did not match:
         - @ConditionalOnClass did not find required class 'io.netty.util.NettyRuntime' (OnClassCondition)

   OAuth2AuthorizationServerAutoConfiguration:
      Did not match:
         - @ConditionalOnClass did not find required class 'org.springframework.security.oauth2.server.authorization.OAuth2Authorization' (OnClassCondition)

   OAuth2AuthorizationServerJwtAutoConfiguration:
      Did not match:
         - @ConditionalOnClass did not find required class 'org.springframework.security.oauth2.server.authorization.OAuth2Authorization' (OnClassCondition)

   OAuth2ClientAutoConfiguration:
      Did not match:
         - @ConditionalOnClass did not find required class 'org.springframework.security.oauth2.client.registration.ClientRegistration' (OnClassCondition)

   OAuth2ResourceServerAutoConfiguration:
      Did not match:
         - @ConditionalOnClass did not find required class 'org.springframework.security.oauth2.server.resource.authentication.BearerTokenAuthenticationToken' (OnClassCondition)

   ProjectInfoAutoConfiguration#buildProperties:
      Did not match:
         - @ConditionalOnResource did not find resource '${spring.info.build.location:classpath:META-INF/build-info.properties}' (OnResourceCondition)

   ProjectInfoAutoConfiguration#gitProperties:
      Did not match:
         - GitResource did not find git info at classpath:git.properties (ProjectInfoAutoConfiguration.GitResourceAvailableCondition)

   PulsarAutoConfiguration:
      Did not match:
         - @ConditionalOnClass did not find required class 'org.apache.pulsar.client.api.PulsarClient' (OnClassCondition)

   PulsarReactiveAutoConfiguration:
      Did not match:
         - @ConditionalOnClass did not find required class 'org.apache.pulsar.client.api.PulsarClient' (OnClassCondition)

   QuartzAutoConfiguration:
      Did not match:
         - @ConditionalOnClass did not find required class 'org.quartz.Scheduler' (OnClassCondition)

   R2dbcAutoConfiguration:
      Did not match:
         - @ConditionalOnClass did not find required class 'io.r2dbc.spi.ConnectionFactory' (OnClassCondition)

   R2dbcDataAutoConfiguration:
      Did not match:
         - @ConditionalOnClass did not find required class 'org.springframework.data.r2dbc.core.R2dbcEntityTemplate' (OnClassCondition)

   R2dbcInitializationConfiguration:
      Did not match:
         - @ConditionalOnClass did not find required classes 'io.r2dbc.spi.ConnectionFactory', 'org.springframework.r2dbc.connection.init.DatabasePopulator' (OnClassCondition)

   R2dbcRepositoriesAutoConfiguration:
      Did not match:
         - @ConditionalOnClass did not find required class 'io.r2dbc.spi.ConnectionFactory' (OnClassCondition)

   R2dbcTransactionManagerAutoConfiguration:
      Did not match:
         - @ConditionalOnClass did not find required class 'org.springframework.r2dbc.connection.R2dbcTransactionManager' (OnClassCondition)

   RSocketGraphQlClientAutoConfiguration:
      Did not match:
         - @ConditionalOnClass did not find required class 'graphql.GraphQL' (OnClassCondition)

   RSocketMessagingAutoConfiguration:
      Did not match:
         - @ConditionalOnClass did not find required class 'io.rsocket.RSocket' (OnClassCondition)

   RSocketRequesterAutoConfiguration:
      Did not match:
         - @ConditionalOnClass did not find required class 'io.rsocket.RSocket' (OnClassCondition)

   RSocketSecurityAutoConfiguration:
      Did not match:
         - @ConditionalOnClass did not find required class 'org.springframework.security.rsocket.core.SecuritySocketAcceptorInterceptor' (OnClassCondition)

   RSocketServerAutoConfiguration:
      Did not match:
         - @ConditionalOnClass did not find required class 'io.rsocket.core.RSocketServer' (OnClassCondition)

   RSocketStrategiesAutoConfiguration:
      Did not match:
         - @ConditionalOnClass did not find required class 'io.netty.buffer.PooledByteBufAllocator' (OnClassCondition)

   RabbitAutoConfiguration:
      Did not match:
         - @ConditionalOnClass did not find required class 'com.rabbitmq.client.Channel' (OnClassCondition)

   ReactiveElasticsearchClientAutoConfiguration:
      Did not match:
         - @ConditionalOnClass did not find required class 'co.elastic.clients.transport.ElasticsearchTransport' (OnClassCondition)

   ReactiveElasticsearchRepositoriesAutoConfiguration:
      Did not match:
         - @ConditionalOnClass did not find required class 'org.springframework.data.elasticsearch.client.elc.ReactiveElasticsearchClient' (OnClassCondition)

   ReactiveMultipartAutoConfiguration:
      Did not match:
         - @ConditionalOnClass did not find required class 'org.springframework.web.reactive.config.WebFluxConfigurer' (OnClassCondition)

   ReactiveOAuth2ClientAutoConfiguration:
      Did not match:
         - @ConditionalOnClass did not find required class 'reactor.core.publisher.Flux' (OnClassCondition)

   ReactiveOAuth2ResourceServerAutoConfiguration:
      Did not match:
         - @ConditionalOnWebApplication did not find reactive web application classes (OnWebApplicationCondition)

   ReactiveSecurityAutoConfiguration:
      Did not match:
         - @ConditionalOnClass did not find required class 'reactor.core.publisher.Flux' (OnClassCondition)

   ReactiveUserDetailsServiceAutoConfiguration:
      Did not match:
         - AnyNestedCondition 0 matched 2 did not; NestedCondition on ReactiveUserDetailsServiceAutoConfiguration.RSocketEnabledOrReactiveWebApplication.ReactiveWebApplicationCondition did not find reactive web application classes; NestedCondition on ReactiveUserDetailsServiceAutoConfiguration.RSocketEnabledOrReactiveWebApplication.RSocketSecurityEnabledCondition @ConditionalOnBean (types: org.springframework.messaging.rsocket.annotation.support.RSocketMessageHandler; SearchStrategy: all) did not find any beans of type org.springframework.messaging.rsocket.annotation.support.RSocketMessageHandler (ReactiveUserDetailsServiceAutoConfiguration.RSocketEnabledOrReactiveWebApplication)
      Matched:
         - @ConditionalOnClass found required class 'org.springframework.security.authentication.ReactiveAuthenticationManager' (OnClassCondition)
         - AnyNestedCondition 1 matched 2 did not; NestedCondition on ReactiveUserDetailsServiceAutoConfiguration.MissingAlternativeOrUserPropertiesConfigured.PasswordConfigured @ConditionalOnProperty (spring.security.user.password) did not find property 'password'; NestedCondition on ReactiveUserDetailsServiceAutoConfiguration.MissingAlternativeOrUserPropertiesConfigured.NameConfigured @ConditionalOnProperty (spring.security.user.name) did not find property 'name'; NestedCondition on ReactiveUserDetailsServiceAutoConfiguration.MissingAlternativeOrUserPropertiesConfigured.MissingAlternative @ConditionalOnMissingClass did not find unwanted classes 'org.springframework.security.oauth2.client.registration.ClientRegistrationRepository', 'org.springframework.security.oauth2.server.resource.introspection.ReactiveOpaqueTokenIntrospector' (ReactiveUserDetailsServiceAutoConfiguration.MissingAlternativeOrUserPropertiesConfigured)

   ReactiveWebServerFactoryAutoConfiguration:
      Did not match:
         - @ConditionalOnWebApplication did not find reactive web application classes (OnWebApplicationCondition)

   ReactorAutoConfiguration:
      Did not match:
         - @ConditionalOnClass did not find required class 'reactor.core.publisher.Hooks' (OnClassCondition)

   RedisAutoConfiguration:
      Did not match:
         - @ConditionalOnClass did not find required class 'org.springframework.data.redis.core.RedisOperations' (OnClassCondition)

   RedisCacheConfiguration:
      Did not match:
         - @ConditionalOnClass did not find required class 'org.springframework.data.redis.connection.RedisConnectionFactory' (OnClassCondition)

   RedisReactiveAutoConfiguration:
      Did not match:
         - @ConditionalOnClass did not find required class 'reactor.core.publisher.Flux' (OnClassCondition)

   RedisRepositoriesAutoConfiguration:
      Did not match:
         - @ConditionalOnClass did not find required class 'org.springframework.data.redis.repository.configuration.EnableRedisRepositories' (OnClassCondition)

   RemoteDevToolsAutoConfiguration:
      Did not match:
         - @ConditionalOnProperty (spring.devtools.remote.secret) did not find property 'secret' (OnPropertyCondition)
      Matched:
         - @ConditionalOnClass found required classes 'jakarta.servlet.Filter', 'org.springframework.http.server.ServerHttpRequest' (OnClassCondition)

   RepositoryRestMvcAutoConfiguration:
      Did not match:
         - @ConditionalOnClass did not find required class 'org.springframework.data.rest.webmvc.config.RepositoryRestMvcConfiguration' (OnClassCondition)

   Saml2RelyingPartyAutoConfiguration:
      Did not match:
         - @ConditionalOnClass did not find required class 'org.springframework.security.saml2.provider.service.registration.RelyingPartyRegistrationRepository' (OnClassCondition)

   SecurityDataConfiguration:
      Did not match:
         - @ConditionalOnClass did not find required class 'org.springframework.security.data.repository.query.SecurityEvaluationContextExtension' (OnClassCondition)

   SendGridAutoConfiguration:
      Did not match:
         - @ConditionalOnClass did not find required class 'com.sendgrid.SendGrid' (OnClassCondition)

   ServletWebServerFactoryAutoConfiguration.ForwardedHeaderFilterConfiguration:
      Did not match:
         - @ConditionalOnProperty (server.forward-headers-strategy=framework) did not find property 'server.forward-headers-strategy' (OnPropertyCondition)

   ServletWebServerFactoryConfiguration.EmbeddedJetty:
      Did not match:
         - @ConditionalOnClass did not find required classes 'org.eclipse.jetty.server.Server', 'org.eclipse.jetty.util.Loader', 'org.eclipse.jetty.ee10.webapp.WebAppContext' (OnClassCondition)

   ServletWebServerFactoryConfiguration.EmbeddedUndertow:
      Did not match:
         - @ConditionalOnClass did not find required classes 'io.undertow.Undertow', 'org.xnio.SslClientAuthMode' (OnClassCondition)

   SessionAutoConfiguration:
      Did not match:
         - @ConditionalOnClass did not find required class 'org.springframework.session.Session' (OnClassCondition)

   SpringApplicationAdminJmxAutoConfiguration:
      Did not match:
         - @ConditionalOnProperty (spring.application.admin.enabled=true) did not find property 'enabled' (OnPropertyCondition)

   SpringBootWebSecurityConfiguration.SecurityFilterChainConfiguration:
      Did not match:
         - AllNestedConditions 1 matched 1 did not; NestedCondition on DefaultWebSecurityCondition.Beans @ConditionalOnMissingBean (types: org.springframework.security.web.SecurityFilterChain; SearchStrategy: all) found beans of type 'org.springframework.security.web.SecurityFilterChain' filterChain; NestedCondition on DefaultWebSecurityCondition.Classes @ConditionalOnClass found required classes 'org.springframework.security.web.SecurityFilterChain', 'org.springframework.security.config.annotation.web.builders.HttpSecurity' (DefaultWebSecurityCondition)

   SpringBootWebSecurityConfiguration.WebSecurityEnablerConfiguration:
      Did not match:
         - @ConditionalOnMissingBean (names: springSecurityFilterChain; SearchStrategy: all) found beans named springSecurityFilterChain (OnBeanCondition)
      Matched:
         - @ConditionalOnClass found required class 'org.springframework.security.config.annotation.web.configuration.EnableWebSecurity' (OnClassCondition)

   TaskExecutorConfigurations.SimpleAsyncTaskExecutorBuilderConfiguration#simpleAsyncTaskExecutorBuilderVirtualThreads:
      Did not match:
         - @ConditionalOnMissingBean (types: org.springframework.boot.task.SimpleAsyncTaskExecutorBuilder; SearchStrategy: all) found beans of type 'org.springframework.boot.task.SimpleAsyncTaskExecutorBuilder' simpleAsyncTaskExecutorBuilder (OnBeanCondition)

   TaskExecutorConfigurations.TaskExecutorConfiguration#applicationTaskExecutorVirtualThreads:
      Did not match:
         - @ConditionalOnThreading did not find VIRTUAL (OnThreadingCondition)

   TaskSchedulingAutoConfiguration#scheduledBeanLazyInitializationExcludeFilter:
      Did not match:
         - @ConditionalOnBean (names: org.springframework.context.annotation.internalScheduledAnnotationProcessor; SearchStrategy: all) did not find any beans named org.springframework.context.annotation.internalScheduledAnnotationProcessor (OnBeanCondition)

   TaskSchedulingConfigurations.SimpleAsyncTaskSchedulerBuilderConfiguration#simpleAsyncTaskSchedulerBuilderVirtualThreads:
      Did not match:
         - @ConditionalOnMissingBean (types: org.springframework.boot.task.SimpleAsyncTaskSchedulerBuilder; SearchStrategy: all) found beans of type 'org.springframework.boot.task.SimpleAsyncTaskSchedulerBuilder' simpleAsyncTaskSchedulerBuilder (OnBeanCondition)

   TaskSchedulingConfigurations.TaskSchedulerConfiguration:
      Did not match:
         - @ConditionalOnBean (names: org.springframework.context.annotation.internalScheduledAnnotationProcessor; SearchStrategy: all) did not find any beans named org.springframework.context.annotation.internalScheduledAnnotationProcessor (OnBeanCondition)

   ThymeleafAutoConfiguration:
      Did not match:
         - @ConditionalOnClass did not find required class 'org.thymeleaf.spring6.SpringTemplateEngine' (OnClassCondition)

   TransactionAutoConfiguration#transactionalOperator:
      Did not match:
         - @ConditionalOnSingleCandidate (types: org.springframework.transaction.ReactiveTransactionManager; SearchStrategy: all) did not find any beans (OnBeanCondition)

   TransactionAutoConfiguration.AspectJTransactionManagementConfiguration:
      Did not match:
         - @ConditionalOnBean (types: org.springframework.transaction.aspectj.AbstractTransactionAspect; SearchStrategy: all) did not find any beans of type org.springframework.transaction.aspectj.AbstractTransactionAspect (OnBeanCondition)

   TransactionAutoConfiguration.EnableTransactionManagementConfiguration.JdkDynamicAutoProxyConfiguration:
      Did not match:
         - @ConditionalOnProperty (spring.aop.proxy-target-class=false) did not find property 'proxy-target-class' (OnPropertyCondition)

   UserDetailsServiceAutoConfiguration:
      Did not match:
         - @ConditionalOnMissingBean (types: org.springframework.security.authentication.AuthenticationManager,org.springframework.security.authentication.AuthenticationProvider,org.springframework.security.core.userdetails.UserDetailsService,org.springframework.security.authentication.AuthenticationManagerResolver,org.springframework.security.oauth2.jwt.JwtDecoder; SearchStrategy: all) found beans of type 'org.springframework.security.authentication.AuthenticationManager' authenticationManager and found beans of type 'org.springframework.security.core.userdetails.UserDetailsService' userDetailsServiceImpl and found beans of type 'org.springframework.security.authentication.AuthenticationProvider' authenticationProvider (OnBeanCondition)
      Matched:
         - @ConditionalOnClass found required class 'org.springframework.security.authentication.AuthenticationManager' (OnClassCondition)
         - AnyNestedCondition 1 matched 2 did not; NestedCondition on UserDetailsServiceAutoConfiguration.MissingAlternativeOrUserPropertiesConfigured.PasswordConfigured @ConditionalOnProperty (spring.security.user.password) did not find property 'password'; NestedCondition on UserDetailsServiceAutoConfiguration.MissingAlternativeOrUserPropertiesConfigured.NameConfigured @ConditionalOnProperty (spring.security.user.name) did not find property 'name'; NestedCondition on UserDetailsServiceAutoConfiguration.MissingAlternativeOrUserPropertiesConfigured.MissingAlternative @ConditionalOnMissingClass did not find unwanted classes 'org.springframework.security.oauth2.client.registration.ClientRegistrationRepository', 'org.springframework.security.oauth2.server.resource.introspection.OpaqueTokenIntrospector', 'org.springframework.security.saml2.provider.service.registration.RelyingPartyRegistrationRepository' (UserDetailsServiceAutoConfiguration.MissingAlternativeOrUserPropertiesConfigured)

   WebClientAutoConfiguration:
      Did not match:
         - @ConditionalOnClass did not find required class 'org.springframework.web.reactive.function.client.WebClient' (OnClassCondition)

   WebFluxAutoConfiguration:
      Did not match:
         - @ConditionalOnClass did not find required class 'org.springframework.web.reactive.config.WebFluxConfigurer' (OnClassCondition)

   WebMvcAutoConfiguration#hiddenHttpMethodFilter:
      Did not match:
         - @ConditionalOnProperty (spring.mvc.hiddenmethod.filter.enabled) did not find property 'enabled' (OnPropertyCondition)

   WebMvcAutoConfiguration.ProblemDetailsErrorHandlingConfiguration:
      Did not match:
         - @ConditionalOnProperty (spring.mvc.problemdetails.enabled=true) did not find property 'enabled' (OnPropertyCondition)

   WebMvcAutoConfiguration.ResourceChainCustomizerConfiguration:
      Did not match:
         - @ConditionalOnEnabledResourceChain did not find class org.webjars.WebJarAssetLocator (OnEnabledResourceChainCondition)

   WebMvcAutoConfiguration.WebMvcAutoConfigurationAdapter#beanNameViewResolver:
      Did not match:
         - @ConditionalOnMissingBean (types: org.springframework.web.servlet.view.BeanNameViewResolver; SearchStrategy: all) found beans of type 'org.springframework.web.servlet.view.BeanNameViewResolver' beanNameViewResolver (OnBeanCondition)

   WebServiceTemplateAutoConfiguration:
      Did not match:
         - @ConditionalOnClass did not find required class 'org.springframework.oxm.Marshaller' (OnClassCondition)

   WebServicesAutoConfiguration:
      Did not match:
         - @ConditionalOnClass did not find required class 'org.springframework.ws.transport.http.MessageDispatcherServlet' (OnClassCondition)

   WebSessionIdResolverAutoConfiguration:
      Did not match:
         - @ConditionalOnClass did not find required class 'reactor.core.publisher.Mono' (OnClassCondition)

   WebSocketMessagingAutoConfiguration:
      Did not match:
         - @ConditionalOnClass did not find required class 'org.springframework.web.socket.config.annotation.WebSocketMessageBrokerConfigurer' (OnClassCondition)

   WebSocketReactiveAutoConfiguration:
      Did not match:
         - @ConditionalOnWebApplication did not find reactive web application classes (OnWebApplicationCondition)

   WebSocketServletAutoConfiguration.JettyWebSocketConfiguration:
      Did not match:
         - @ConditionalOnClass did not find required class 'org.eclipse.jetty.ee10.websocket.jakarta.server.config.JakartaWebSocketServletContainerInitializer' (OnClassCondition)

   WebSocketServletAutoConfiguration.UndertowWebSocketConfiguration:
      Did not match:
         - @ConditionalOnClass did not find required class 'io.undertow.websockets.jsr.Bootstrap' (OnClassCondition)

   XADataSourceAutoConfiguration:
      Did not match:
         - @ConditionalOnBean (types: org.springframework.boot.jdbc.XADataSourceWrapper; SearchStrategy: all) did not find any beans of type org.springframework.boot.jdbc.XADataSourceWrapper (OnBeanCondition)
      Matched:
         - @ConditionalOnClass found required classes 'javax.sql.DataSource', 'jakarta.transaction.TransactionManager', 'org.springframework.jdbc.datasource.embedded.EmbeddedDatabaseType' (OnClassCondition)


Exclusions:
-----------

    None


Unconditional classes:
----------------------

    org.springframework.boot.autoconfigure.context.ConfigurationPropertiesAutoConfiguration

    org.springframework.boot.autoconfigure.ssl.SslAutoConfiguration

    org.springframework.boot.autoconfigure.context.LifecycleAutoConfiguration

    org.springframework.boot.autoconfigure.context.PropertyPlaceholderAutoConfiguration

    org.springframework.boot.autoconfigure.availability.ApplicationAvailabilityAutoConfiguration

    org.springframework.boot.autoconfigure.info.ProjectInfoAutoConfiguration



2026-03-14T21:53:59.660+05:30  INFO 20192 --- [skillforge-backend] [  restartedMain] com.skillforge.SkillforgeApplication     : Started SkillforgeApplication in 4.685 seconds (process running for 5.362)
2026-03-14T21:53:59.661+05:30 DEBUG 20192 --- [skillforge-backend] [  restartedMain] o.s.b.a.ApplicationAvailabilityBean      : Application availability state LivenessState changed to CORRECT
2026-03-14T21:53:59.666+05:30 DEBUG 20192 --- [skillforge-backend] [  restartedMain] o.s.jdbc.core.JdbcTemplate               : Executing prepared SQL query
2026-03-14T21:53:59.666+05:30 DEBUG 20192 --- [skillforge-backend] [  restartedMain] o.s.jdbc.core.JdbcTemplate               : Executing prepared SQL statement [select exists (
    select 1
    from information_schema.tables
    where lower(table_name) = lower(?)
)
]
2026-03-14T21:53:59.674+05:30 DEBUG 20192 --- [skillforge-backend] [  restartedMain] o.s.jdbc.core.JdbcTemplate               : Executing SQL statement [ALTER TABLE IF EXISTS exams ADD COLUMN IF NOT EXISTS exam_type VARCHAR(255) DEFAULT 'EXAM']
2026-03-14T21:53:59.682+05:30 DEBUG 20192 --- [skillforge-backend] [  restartedMain] o.s.jdbc.core.JdbcTemplate               : SQLWarning ignored: SQL state '42701', error code '0', message [column "exam_type" of relation "exams" already exists, skipping]
2026-03-14T21:53:59.682+05:30 DEBUG 20192 --- [skillforge-backend] [  restartedMain] o.s.jdbc.core.JdbcTemplate               : Executing SQL statement [ALTER TABLE IF EXISTS exams ADD COLUMN IF NOT EXISTS conduct_method VARCHAR(255) DEFAULT 'QUIZ']
2026-03-14T21:53:59.683+05:30 DEBUG 20192 --- [skillforge-backend] [  restartedMain] o.s.jdbc.core.JdbcTemplate               : SQLWarning ignored: SQL state '42701', error code '0', message [column "conduct_method" of relation "exams" already exists, skipping]
2026-03-14T21:53:59.683+05:30 DEBUG 20192 --- [skillforge-backend] [  restartedMain] o.s.jdbc.core.JdbcTemplate               : Executing SQL statement [ALTER TABLE IF EXISTS exams ADD COLUMN IF NOT EXISTS learning_goals VARCHAR(500)]
2026-03-14T21:53:59.684+05:30 DEBUG 20192 --- [skillforge-backend] [  restartedMain] o.s.jdbc.core.JdbcTemplate               : SQLWarning ignored: SQL state '42701', error code '0', message [column "learning_goals" of relation "exams" already exists, skipping]
2026-03-14T21:53:59.685+05:30 DEBUG 20192 --- [skillforge-backend] [  restartedMain] o.s.jdbc.core.JdbcTemplate               : Executing SQL statement [ALTER TABLE IF EXISTS exams ADD COLUMN IF NOT EXISTS scheduled_date TIMESTAMP]
2026-03-14T21:53:59.685+05:30 DEBUG 20192 --- [skillforge-backend] [  restartedMain] o.s.jdbc.core.JdbcTemplate               : SQLWarning ignored: SQL state '42701', error code '0', message [column "scheduled_date" of relation "exams" already exists, skipping]
2026-03-14T21:53:59.685+05:30 DEBUG 20192 --- [skillforge-backend] [  restartedMain] o.s.jdbc.core.JdbcTemplate               : Executing SQL statement [ALTER TABLE IF EXISTS exams ADD COLUMN IF NOT EXISTS learner_owner_id UUID]
2026-03-14T21:53:59.686+05:30 DEBUG 20192 --- [skillforge-backend] [  restartedMain] o.s.jdbc.core.JdbcTemplate               : SQLWarning ignored: SQL state '42701', error code '0', message [column "learner_owner_id" of relation "exams" already exists, skipping]
2026-03-14T21:53:59.686+05:30 DEBUG 20192 --- [skillforge-backend] [  restartedMain] o.s.jdbc.core.JdbcTemplate               : Executing SQL statement [ALTER TABLE IF EXISTS exams ADD COLUMN IF NOT EXISTS source_exam_id UUID]
2026-03-14T21:53:59.687+05:30 DEBUG 20192 --- [skillforge-backend] [  restartedMain] o.s.jdbc.core.JdbcTemplate               : SQLWarning ignored: SQL state '42701', error code '0', message [column "source_exam_id" of relation "exams" already exists, skipping]
2026-03-14T21:53:59.687+05:30 DEBUG 20192 --- [skillforge-backend] [  restartedMain] o.s.jdbc.core.JdbcTemplate               : Executing SQL statement [ALTER TABLE IF EXISTS exams ADD COLUMN IF NOT EXISTS passing_score INTEGER DEFAULT 70]
2026-03-14T21:53:59.687+05:30 DEBUG 20192 --- [skillforge-backend] [  restartedMain] o.s.jdbc.core.JdbcTemplate               : SQLWarning ignored: SQL state '42701', error code '0', message [column "passing_score" of relation "exams" already exists, skipping]
2026-03-14T21:53:59.688+05:30 DEBUG 20192 --- [skillforge-backend] [  restartedMain] o.s.jdbc.core.JdbcTemplate               : Executing SQL statement [ALTER TABLE IF EXISTS exams ALTER COLUMN course_id DROP NOT NULL]
2026-03-14T21:53:59.688+05:30 DEBUG 20192 --- [skillforge-backend] [  restartedMain] o.s.jdbc.core.JdbcTemplate               : Executing SQL statement [ALTER TABLE IF EXISTS exams ALTER COLUMN instructor_id DROP NOT NULL]
2026-03-14T21:53:59.689+05:30  INFO 20192 --- [skillforge-backend] [  restartedMain] c.skillforge.config.SchemaRepairRunner   : Verified legacy exams table columns before repository access.
2026-03-14T21:53:59.983+05:30 DEBUG 20192 --- [skillforge-backend] [  restartedMain] org.hibernate.SQL                        : 
    select
        count(*) 
    from
        users u1_0
Hibernate: 
    select
        count(*) 
    from
        users u1_0
2026-03-14T21:53:59.989+05:30  INFO 20192 --- [skillforge-backend] [  restartedMain] com.skillforge.config.DataSeeder         : Database already contains data — skipping seed.
2026-03-14T21:54:00.050+05:30 DEBUG 20192 --- [skillforge-backend] [  restartedMain] org.hibernate.SQL                        : 
    select
        u1_0.user_id 
    from
        users u1_0 
    where
        u1_0.email=? 
    fetch
        first ? rows only
Hibernate: 
    select
        u1_0.user_id 
    from
        users u1_0 
    where
        u1_0.email=? 
    fetch
        first ? rows only
2026-03-14T21:54:00.078+05:30 DEBUG 20192 --- [skillforge-backend] [  restartedMain] org.hibernate.SQL                        : 
    select
        u1_0.user_id,
        u1_0.created_at,
        u1_0.email,
        u1_0.first_name,
        u1_0.is_active,
        u1_0.is_verified,
        u1_0.last_login,
        u1_0.last_name,
        u1_0.password_hash,
        u1_0.profile_picture_url,
        u1_0.role,
        u1_0.updated_at 
    from
        users u1_0 
    where
        u1_0.email=?
Hibernate: 
    select
        u1_0.user_id,
        u1_0.created_at,
        u1_0.email,
        u1_0.first_name,
        u1_0.is_active,
        u1_0.is_verified,
        u1_0.last_login,
        u1_0.last_name,
        u1_0.password_hash,
        u1_0.profile_picture_url,
        u1_0.role,
        u1_0.updated_at 
    from
        users u1_0 
    where
        u1_0.email=?
2026-03-14T21:54:00.091+05:30 DEBUG 20192 --- [skillforge-backend] [  restartedMain] org.hibernate.SQL                        : 
    select
        u1_0.user_id 
    from
        users u1_0 
    where
        u1_0.email=? 
    fetch
        first ? rows only
Hibernate: 
    select
        u1_0.user_id 
    from
        users u1_0 
    where
        u1_0.email=? 
    fetch
        first ? rows only
2026-03-14T21:54:00.094+05:30 DEBUG 20192 --- [skillforge-backend] [  restartedMain] org.hibernate.SQL                        : 
    select
        u1_0.user_id,
        u1_0.created_at,
        u1_0.email,
        u1_0.first_name,
        u1_0.is_active,
        u1_0.is_verified,
        u1_0.last_login,
        u1_0.last_name,
        u1_0.password_hash,
        u1_0.profile_picture_url,
        u1_0.role,
        u1_0.updated_at 
    from
        users u1_0 
    where
        u1_0.email=?
Hibernate: 
    select
        u1_0.user_id,
        u1_0.created_at,
        u1_0.email,
        u1_0.first_name,
        u1_0.is_active,
        u1_0.is_verified,
        u1_0.last_login,
        u1_0.last_name,
        u1_0.password_hash,
        u1_0.profile_picture_url,
        u1_0.role,
        u1_0.updated_at 
    from
        users u1_0 
    where
        u1_0.email=?
2026-03-14T21:54:00.097+05:30 DEBUG 20192 --- [skillforge-backend] [  restartedMain] org.hibernate.SQL                        : 
    select
        u1_0.user_id 
    from
        users u1_0 
    where
        u1_0.email=? 
    fetch
        first ? rows only
Hibernate: 
    select
        u1_0.user_id 
    from
        users u1_0 
    where
        u1_0.email=? 
    fetch
        first ? rows only
2026-03-14T21:54:00.100+05:30 DEBUG 20192 --- [skillforge-backend] [  restartedMain] org.hibernate.SQL                        : 
    select
        u1_0.user_id,
        u1_0.created_at,
        u1_0.email,
        u1_0.first_name,
        u1_0.is_active,
        u1_0.is_verified,
        u1_0.last_login,
        u1_0.last_name,
        u1_0.password_hash,
        u1_0.profile_picture_url,
        u1_0.role,
        u1_0.updated_at 
    from
        users u1_0 
    where
        u1_0.email=?
Hibernate: 
    select
        u1_0.user_id,
        u1_0.created_at,
        u1_0.email,
        u1_0.first_name,
        u1_0.is_active,
        u1_0.is_verified,
        u1_0.last_login,
        u1_0.last_name,
        u1_0.password_hash,
        u1_0.profile_picture_url,
        u1_0.role,
        u1_0.updated_at 
    from
        users u1_0 
    where
        u1_0.email=?
2026-03-14T21:54:00.105+05:30 DEBUG 20192 --- [skillforge-backend] [  restartedMain] org.hibernate.SQL                        : 
    select
        count(*) 
    from
        learning_goals lg1_0
Hibernate: 
    select
        count(*) 
    from
        learning_goals lg1_0
2026-03-14T21:54:00.109+05:30 DEBUG 20192 --- [skillforge-backend] [  restartedMain] org.hibernate.SQL                        : 
    select
        count(*) 
    from
        system_config sc1_0
Hibernate: 
    select
        count(*) 
    from
        system_config sc1_0
-----
SkillForge Backend Started Successfully!
-----
credentials:
  Admin: admin@skillforge.com / admin123
  Instructor: instructor@skillforge.com / instructor123
  Learner: learner@skillforge.com / learner123
-----
2026-03-14T21:54:00.114+05:30 DEBUG 20192 --- [skillforge-backend] [  restartedMain] o.s.boot.devtools.restart.Restarter      : Creating new Restarter for thread Thread[#1,main,5,main]
2026-03-14T21:54:00.115+05:30 DEBUG 20192 --- [skillforge-backend] [  restartedMain] o.s.boot.devtools.restart.Restarter      : Immediately restarting application
2026-03-14T21:54:00.115+05:30 DEBUG 20192 --- [skillforge-backend] [  restartedMain] o.s.boot.devtools.restart.Restarter      : Starting application com.skillforge.SkillforgeApplication with URLs [file:/C:/Users/shrid/Downloads/skillForge/skillforge-backend/target/classes/]
2026-03-14T21:54:00.116+05:30 DEBUG 20192 --- [skillforge-backend] [  restartedMain] o.s.b.a.ApplicationAvailabilityBean      : Application availability state ReadinessState changed to ACCEPTING_TRAFFIC
2026-03-14T21:54:02.175+05:30  INFO 20192 --- [skillforge-backend] [nio-8081-exec-1] o.a.c.c.C.[Tomcat].[localhost].[/]       : Initializing Spring DispatcherServlet 'dispatcherServlet'
2026-03-14T21:54:02.176+05:30  INFO 20192 --- [skillforge-backend] [nio-8081-exec-1] o.s.web.servlet.DispatcherServlet        : Initializing Servlet 'dispatcherServlet'
2026-03-14T21:54:02.176+05:30 DEBUG 20192 --- [skillforge-backend] [nio-8081-exec-1] o.s.web.servlet.DispatcherServlet        : Detected StandardServletMultipartResolver
2026-03-14T21:54:02.176+05:30 DEBUG 20192 --- [skillforge-backend] [nio-8081-exec-1] o.s.web.servlet.DispatcherServlet        : Detected AcceptHeaderLocaleResolver
2026-03-14T21:54:02.177+05:30 DEBUG 20192 --- [skillforge-backend] [nio-8081-exec-1] o.s.web.servlet.DispatcherServlet        : Detected FixedThemeResolver
2026-03-14T21:54:02.178+05:30 DEBUG 20192 --- [skillforge-backend] [nio-8081-exec-1] o.s.web.servlet.DispatcherServlet        : Detected org.springframework.web.servlet.view.DefaultRequestToViewNameTranslator@370c3c08
2026-03-14T21:54:02.178+05:30 DEBUG 20192 --- [skillforge-backend] [nio-8081-exec-1] o.s.web.servlet.DispatcherServlet        : Detected org.springframework.web.servlet.support.SessionFlashMapManager@5bda2f55
2026-03-14T21:54:02.179+05:30 DEBUG 20192 --- [skillforge-backend] [nio-8081-exec-1] o.s.web.servlet.DispatcherServlet        : enableLoggingRequestDetails='false': request parameters and headers will be masked to prevent unsafe logging of potentially sensitive data
2026-03-14T21:54:02.180+05:30  INFO 20192 --- [skillforge-backend] [nio-8081-exec-1] o.s.web.servlet.DispatcherServlet        : Completed initialization in 3 ms
2026-03-14T21:54:02.216+05:30 DEBUG 20192 --- [skillforge-backend] [nio-8081-exec-3] o.s.security.web.FilterChainProxy        : Securing OPTIONS /api/learner/enrollments
2026-03-14T21:54:02.216+05:30 DEBUG 20192 --- [skillforge-backend] [nio-8081-exec-1] o.s.security.web.FilterChainProxy        : Securing OPTIONS /api/learner/enrollments
2026-03-14T21:54:02.248+05:30 DEBUG 20192 --- [skillforge-backend] [nio-8081-exec-2] o.s.security.web.FilterChainProxy        : Securing GET /api/learner/enrollments
2026-03-14T21:54:02.417+05:30 DEBUG 20192 --- [skillforge-backend] [nio-8081-exec-2] org.hibernate.SQL                        : 
    select
        u1_0.user_id,
        u1_0.created_at,
        u1_0.email,
        u1_0.first_name,
        u1_0.is_active,
        u1_0.is_verified,
        u1_0.last_login,
        u1_0.last_name,
        u1_0.password_hash,
        u1_0.profile_picture_url,
        u1_0.role,
        u1_0.updated_at 
    from
        users u1_0 
    where
        u1_0.email=?
Hibernate: 
    select
        u1_0.user_id,
        u1_0.created_at,
        u1_0.email,
        u1_0.first_name,
        u1_0.is_active,
        u1_0.is_verified,
        u1_0.last_login,
        u1_0.last_name,
        u1_0.password_hash,
        u1_0.profile_picture_url,
        u1_0.role,
        u1_0.updated_at 
    from
        users u1_0 
    where
        u1_0.email=?
2026-03-14T21:54:02.426+05:30 DEBUG 20192 --- [skillforge-backend] [nio-8081-exec-2] o.s.security.web.FilterChainProxy        : Secured GET /api/learner/enrollments
2026-03-14T21:54:02.429+05:30 DEBUG 20192 --- [skillforge-backend] [nio-8081-exec-2] o.s.web.servlet.DispatcherServlet        : GET "/api/learner/enrollments", parameters={}
2026-03-14T21:54:02.433+05:30 DEBUG 20192 --- [skillforge-backend] [nio-8081-exec-2] s.w.s.m.m.a.RequestMappingHandlerMapping : Mapped to com.skillforge.controller.LearnerController#getMyEnrollments(UserPrincipal)
2026-03-14T21:54:02.450+05:30 DEBUG 20192 --- [skillforge-backend] [nio-8081-exec-2] horizationManagerBeforeMethodInterceptor : Authorizing method invocation ReflectiveMethodInvocation: public org.springframework.http.ResponseEntity com.skillforge.controller.LearnerController.getMyEnrollments(com.skillforge.security.UserPrincipal); target is of class [com.skillforge.controller.LearnerController]
2026-03-14T21:54:02.483+05:30 DEBUG 20192 --- [skillforge-backend] [nio-8081-exec-2] horizationManagerBeforeMethodInterceptor : Authorized method invocation ReflectiveMethodInvocation: public org.springframework.http.ResponseEntity com.skillforge.controller.LearnerController.getMyEnrollments(com.skillforge.security.UserPrincipal); target is of class [com.skillforge.controller.LearnerController]
2026-03-14T21:54:02.487+05:30 DEBUG 20192 --- [skillforge-backend] [nio-8081-exec-2] org.hibernate.SQL                        : 
    select
        u1_0.user_id,
        u1_0.created_at,
        u1_0.email,
        u1_0.first_name,
        u1_0.is_active,
        u1_0.is_verified,
        u1_0.last_login,
        u1_0.last_name,
        u1_0.password_hash,
        u1_0.profile_picture_url,
        u1_0.role,
        u1_0.updated_at 
    from
        users u1_0 
    where
        u1_0.email=?
Hibernate: 
    select
        u1_0.user_id,
        u1_0.created_at,
        u1_0.email,
        u1_0.first_name,
        u1_0.is_active,
        u1_0.is_verified,
        u1_0.last_login,
        u1_0.last_name,
        u1_0.password_hash,
        u1_0.profile_picture_url,
        u1_0.role,
        u1_0.updated_at 
    from
        users u1_0 
    where
        u1_0.email=?
2026-03-14T21:54:02.500+05:30 DEBUG 20192 --- [skillforge-backend] [nio-8081-exec-2] org.hibernate.SQL                        : 
    select
        e1_0.enrollment_id,
        e1_0.completed_at,
        e1_0.enrolled_at,
        e1_0.goal_id,
        e1_0.last_accessed,
        e1_0.learner_id,
        e1_0.progress_percentage,
        e1_0.status 
    from
        enrollments e1_0 
    where
        e1_0.learner_id=?
Hibernate: 
    select
        e1_0.enrollment_id,
        e1_0.completed_at,
        e1_0.enrolled_at,
        e1_0.goal_id,
        e1_0.last_accessed,
        e1_0.learner_id,
        e1_0.progress_percentage,
        e1_0.status 
    from
        enrollments e1_0 
    where
        e1_0.learner_id=?
2026-03-14T21:54:02.512+05:30 DEBUG 20192 --- [skillforge-backend] [nio-8081-exec-2] org.hibernate.SQL                        : 
    select
        lg1_0.goal_id,
        lg1_0.created_at,
        lg1_0.description,
        lg1_0.difficulty_level,
        lg1_0.instructor_id,
        i1_0.user_id,
        i1_0.created_at,
        i1_0.email,
        i1_0.first_name,
        i1_0.is_active,
        i1_0.is_verified,
        i1_0.last_login,
        i1_0.last_name,
        i1_0.password_hash,
        i1_0.profile_picture_url,
        i1_0.role,
        i1_0.updated_at,
        lg1_0.is_published,
        lg1_0.learning_outcomes,
        lg1_0.prerequisites,
        lg1_0.subject,
        lg1_0.title,
        lg1_0.updated_at 
    from
        learning_goals lg1_0 
    join
        users i1_0 
            on i1_0.user_id=lg1_0.instructor_id 
    where
        lg1_0.goal_id=?
Hibernate: 
    select
        lg1_0.goal_id,
        lg1_0.created_at,
        lg1_0.description,
        lg1_0.difficulty_level,
        lg1_0.instructor_id,
        i1_0.user_id,
        i1_0.created_at,
        i1_0.email,
        i1_0.first_name,
        i1_0.is_active,
        i1_0.is_verified,
        i1_0.last_login,
        i1_0.last_name,
        i1_0.password_hash,
        i1_0.profile_picture_url,
        i1_0.role,
        i1_0.updated_at,
        lg1_0.is_published,
        lg1_0.learning_outcomes,
        lg1_0.prerequisites,
        lg1_0.subject,
        lg1_0.title,
        lg1_0.updated_at 
    from
        learning_goals lg1_0 
    join
        users i1_0 
            on i1_0.user_id=lg1_0.instructor_id 
    where
        lg1_0.goal_id=?
2026-03-14T21:54:02.526+05:30 DEBUG 20192 --- [skillforge-backend] [nio-8081-exec-2] org.hibernate.SQL                        : 
    select
        lg1_0.goal_id,
        lg1_0.created_at,
        lg1_0.description,
        lg1_0.difficulty_level,
        lg1_0.instructor_id,
        i1_0.user_id,
        i1_0.created_at,
        i1_0.email,
        i1_0.first_name,
        i1_0.is_active,
        i1_0.is_verified,
        i1_0.last_login,
        i1_0.last_name,
        i1_0.password_hash,
        i1_0.profile_picture_url,
        i1_0.role,
        i1_0.updated_at,
        lg1_0.is_published,
        lg1_0.learning_outcomes,
        lg1_0.prerequisites,
        lg1_0.subject,
        lg1_0.title,
        lg1_0.updated_at 
    from
        learning_goals lg1_0 
    join
        users i1_0 
            on i1_0.user_id=lg1_0.instructor_id 
    where
        lg1_0.goal_id=?
Hibernate: 
    select
        lg1_0.goal_id,
        lg1_0.created_at,
        lg1_0.description,
        lg1_0.difficulty_level,
        lg1_0.instructor_id,
        i1_0.user_id,
        i1_0.created_at,
        i1_0.email,
        i1_0.first_name,
        i1_0.is_active,
        i1_0.is_verified,
        i1_0.last_login,
        i1_0.last_name,
        i1_0.password_hash,
        i1_0.profile_picture_url,
        i1_0.role,
        i1_0.updated_at,
        lg1_0.is_published,
        lg1_0.learning_outcomes,
        lg1_0.prerequisites,
        lg1_0.subject,
        lg1_0.title,
        lg1_0.updated_at 
    from
        learning_goals lg1_0 
    join
        users i1_0 
            on i1_0.user_id=lg1_0.instructor_id 
    where
        lg1_0.goal_id=?
2026-03-14T21:54:02.530+05:30 DEBUG 20192 --- [skillforge-backend] [nio-8081-exec-2] org.hibernate.SQL                        : 
    select
        lg1_0.goal_id,
        lg1_0.created_at,
        lg1_0.description,
        lg1_0.difficulty_level,
        lg1_0.instructor_id,
        i1_0.user_id,
        i1_0.created_at,
        i1_0.email,
        i1_0.first_name,
        i1_0.is_active,
        i1_0.is_verified,
        i1_0.last_login,
        i1_0.last_name,
        i1_0.password_hash,
        i1_0.profile_picture_url,
        i1_0.role,
        i1_0.updated_at,
        lg1_0.is_published,
        lg1_0.learning_outcomes,
        lg1_0.prerequisites,
        lg1_0.subject,
        lg1_0.title,
        lg1_0.updated_at 
    from
        learning_goals lg1_0 
    join
        users i1_0 
            on i1_0.user_id=lg1_0.instructor_id 
    where
        lg1_0.goal_id=?
Hibernate: 
    select
        lg1_0.goal_id,
        lg1_0.created_at,
        lg1_0.description,
        lg1_0.difficulty_level,
        lg1_0.instructor_id,
        i1_0.user_id,
        i1_0.created_at,
        i1_0.email,
        i1_0.first_name,
        i1_0.is_active,
        i1_0.is_verified,
        i1_0.last_login,
        i1_0.last_name,
        i1_0.password_hash,
        i1_0.profile_picture_url,
        i1_0.role,
        i1_0.updated_at,
        lg1_0.is_published,
        lg1_0.learning_outcomes,
        lg1_0.prerequisites,
        lg1_0.subject,
        lg1_0.title,
        lg1_0.updated_at 
    from
        learning_goals lg1_0 
    join
        users i1_0 
            on i1_0.user_id=lg1_0.instructor_id 
    where
        lg1_0.goal_id=?
2026-03-14T21:54:02.534+05:30 DEBUG 20192 --- [skillforge-backend] [nio-8081-exec-2] org.hibernate.SQL                        : 
    select
        lg1_0.goal_id,
        lg1_0.created_at,
        lg1_0.description,
        lg1_0.difficulty_level,
        lg1_0.instructor_id,
        i1_0.user_id,
        i1_0.created_at,
        i1_0.email,
        i1_0.first_name,
        i1_0.is_active,
        i1_0.is_verified,
        i1_0.last_login,
        i1_0.last_name,
        i1_0.password_hash,
        i1_0.profile_picture_url,
        i1_0.role,
        i1_0.updated_at,
        lg1_0.is_published,
        lg1_0.learning_outcomes,
        lg1_0.prerequisites,
        lg1_0.subject,
        lg1_0.title,
        lg1_0.updated_at 
    from
        learning_goals lg1_0 
    join
        users i1_0 
            on i1_0.user_id=lg1_0.instructor_id 
    where
        lg1_0.goal_id=?
Hibernate: 
    select
        lg1_0.goal_id,
        lg1_0.created_at,
        lg1_0.description,
        lg1_0.difficulty_level,
        lg1_0.instructor_id,
        i1_0.user_id,
        i1_0.created_at,
        i1_0.email,
        i1_0.first_name,
        i1_0.is_active,
        i1_0.is_verified,
        i1_0.last_login,
        i1_0.last_name,
        i1_0.password_hash,
        i1_0.profile_picture_url,
        i1_0.role,
        i1_0.updated_at,
        lg1_0.is_published,
        lg1_0.learning_outcomes,
        lg1_0.prerequisites,
        lg1_0.subject,
        lg1_0.title,
        lg1_0.updated_at 
    from
        learning_goals lg1_0 
    join
        users i1_0 
            on i1_0.user_id=lg1_0.instructor_id 
    where
        lg1_0.goal_id=?
2026-03-14T21:54:02.548+05:30 DEBUG 20192 --- [skillforge-backend] [nio-8081-exec-2] o.s.w.s.m.m.a.HttpEntityMethodProcessor  : Using 'application/json', given [application/json, text/plain, */*] and supported [application/json, application/*+json]
2026-03-14T21:54:02.557+05:30 DEBUG 20192 --- [skillforge-backend] [nio-8081-exec-2] org.hibernate.SQL                        : 
    select
        c1_0.goal_id,
        c1_0.content_id,
        c1_0.content_text,
        c1_0.content_type,
        c1_0.content_url,
        c1_0.created_at,
        c1_0.difficulty_level,
        c1_0.duration_minutes,
        c1_0.metadata,
        c1_0.order_index,
        c1_0.parent_content_id,
        c1_0.title,
        c1_0.updated_at 
    from
        learning_content c1_0 
    where
        c1_0.goal_id=?
Hibernate: 
    select
        c1_0.goal_id,
        c1_0.content_id,
        c1_0.content_text,
        c1_0.content_type,
        c1_0.content_url,
        c1_0.created_at,
        c1_0.difficulty_level,
        c1_0.duration_minutes,
        c1_0.metadata,
        c1_0.order_index,
        c1_0.parent_content_id,
        c1_0.title,
        c1_0.updated_at 
    from
        learning_content c1_0 
    where
        c1_0.goal_id=?
2026-03-14T21:54:02.561+05:30 DEBUG 20192 --- [skillforge-backend] [nio-8081-exec-2] org.hibernate.SQL                        : 
    select
        c1_0.goal_id,
        c1_0.content_id,
        c1_0.content_text,
        c1_0.content_type,
        c1_0.content_url,
        c1_0.created_at,
        c1_0.difficulty_level,
        c1_0.duration_minutes,
        c1_0.metadata,
        c1_0.order_index,
        c1_0.parent_content_id,
        c1_0.title,
        c1_0.updated_at 
    from
        learning_content c1_0 
    where
        c1_0.goal_id=?
Hibernate: 
    select
        c1_0.goal_id,
        c1_0.content_id,
        c1_0.content_text,
        c1_0.content_type,
        c1_0.content_url,
        c1_0.created_at,
        c1_0.difficulty_level,
        c1_0.duration_minutes,
        c1_0.metadata,
        c1_0.order_index,
        c1_0.parent_content_id,
        c1_0.title,
        c1_0.updated_at 
    from
        learning_content c1_0 
    where
        c1_0.goal_id=?
2026-03-14T21:54:02.564+05:30 DEBUG 20192 --- [skillforge-backend] [nio-8081-exec-2] org.hibernate.SQL                        : 
    select
        c1_0.goal_id,
        c1_0.content_id,
        c1_0.content_text,
        c1_0.content_type,
        c1_0.content_url,
        c1_0.created_at,
        c1_0.difficulty_level,
        c1_0.duration_minutes,
        c1_0.metadata,
        c1_0.order_index,
        c1_0.parent_content_id,
        c1_0.title,
        c1_0.updated_at 
    from
        learning_content c1_0 
    where
        c1_0.goal_id=?
Hibernate: 
    select
        c1_0.goal_id,
        c1_0.content_id,
        c1_0.content_text,
        c1_0.content_type,
        c1_0.content_url,
        c1_0.created_at,
        c1_0.difficulty_level,
        c1_0.duration_minutes,
        c1_0.metadata,
        c1_0.order_index,
        c1_0.parent_content_id,
        c1_0.title,
        c1_0.updated_at 
    from
        learning_content c1_0 
    where
        c1_0.goal_id=?
2026-03-14T21:54:02.566+05:30 DEBUG 20192 --- [skillforge-backend] [nio-8081-exec-2] org.hibernate.SQL                        : 
    select
        c1_0.goal_id,
        c1_0.content_id,
        c1_0.content_text,
        c1_0.content_type,
        c1_0.content_url,
        c1_0.created_at,
        c1_0.difficulty_level,
        c1_0.duration_minutes,
        c1_0.metadata,
        c1_0.order_index,
        c1_0.parent_content_id,
        c1_0.title,
        c1_0.updated_at 
    from
        learning_content c1_0 
    where
        c1_0.goal_id=?
Hibernate: 
    select
        c1_0.goal_id,
        c1_0.content_id,
        c1_0.content_text,
        c1_0.content_type,
        c1_0.content_url,
        c1_0.created_at,
        c1_0.difficulty_level,
        c1_0.duration_minutes,
        c1_0.metadata,
        c1_0.order_index,
        c1_0.parent_content_id,
        c1_0.title,
        c1_0.updated_at 
    from
        learning_content c1_0 
    where
        c1_0.goal_id=?
2026-03-14T21:54:02.568+05:30 DEBUG 20192 --- [skillforge-backend] [nio-8081-exec-2] o.s.w.s.m.m.a.HttpEntityMethodProcessor  : Writing [[Enrollment(enrollmentId=ede960d4-964a-4aee-b619-df22ed1aae4b, learner=User(userId=5e5511bd-5ddb-400 (truncated)...]
2026-03-14T21:54:02.619+05:30 DEBUG 20192 --- [skillforge-backend] [nio-8081-exec-2] o.s.web.servlet.DispatcherServlet        : Completed 200 OK
2026-03-14T21:54:02.621+05:30 DEBUG 20192 --- [skillforge-backend] [nio-8081-exec-5] o.s.security.web.FilterChainProxy        : Securing GET /api/learner/enrollments
2026-03-14T21:54:02.625+05:30 DEBUG 20192 --- [skillforge-backend] [nio-8081-exec-5] org.hibernate.SQL                        : 
    select
        u1_0.user_id,
        u1_0.created_at,
        u1_0.email,
        u1_0.first_name,
        u1_0.is_active,
        u1_0.is_verified,
        u1_0.last_login,
        u1_0.last_name,
        u1_0.password_hash,
        u1_0.profile_picture_url,
        u1_0.role,
        u1_0.updated_at 
    from
        users u1_0 
    where
        u1_0.email=?
Hibernate: 
    select
        u1_0.user_id,
        u1_0.created_at,
        u1_0.email,
        u1_0.first_name,
        u1_0.is_active,
        u1_0.is_verified,
        u1_0.last_login,
        u1_0.last_name,
        u1_0.password_hash,
        u1_0.profile_picture_url,
        u1_0.role,
        u1_0.updated_at 
    from
        users u1_0 
    where
        u1_0.email=?
2026-03-14T21:54:02.627+05:30 DEBUG 20192 --- [skillforge-backend] [nio-8081-exec-5] o.s.security.web.FilterChainProxy        : Secured GET /api/learner/enrollments
2026-03-14T21:54:02.627+05:30 DEBUG 20192 --- [skillforge-backend] [nio-8081-exec-5] o.s.web.servlet.DispatcherServlet        : GET "/api/learner/enrollments", parameters={}
2026-03-14T21:54:02.628+05:30 DEBUG 20192 --- [skillforge-backend] [nio-8081-exec-5] s.w.s.m.m.a.RequestMappingHandlerMapping : Mapped to com.skillforge.controller.LearnerController#getMyEnrollments(UserPrincipal)
2026-03-14T21:54:02.629+05:30 DEBUG 20192 --- [skillforge-backend] [nio-8081-exec-5] horizationManagerBeforeMethodInterceptor : Authorizing method invocation ReflectiveMethodInvocation: public org.springframework.http.ResponseEntity com.skillforge.controller.LearnerController.getMyEnrollments(com.skillforge.security.UserPrincipal); target is of class [com.skillforge.controller.LearnerController]
2026-03-14T21:54:02.629+05:30 DEBUG 20192 --- [skillforge-backend] [nio-8081-exec-5] horizationManagerBeforeMethodInterceptor : Authorized method invocation ReflectiveMethodInvocation: public org.springframework.http.ResponseEntity com.skillforge.controller.LearnerController.getMyEnrollments(com.skillforge.security.UserPrincipal); target is of class [com.skillforge.controller.LearnerController]
2026-03-14T21:54:02.631+05:30 DEBUG 20192 --- [skillforge-backend] [nio-8081-exec-5] org.hibernate.SQL                        : 
    select
        u1_0.user_id,
        u1_0.created_at,
        u1_0.email,
        u1_0.first_name,
        u1_0.is_active,
        u1_0.is_verified,
        u1_0.last_login,
        u1_0.last_name,
        u1_0.password_hash,
        u1_0.profile_picture_url,
        u1_0.role,
        u1_0.updated_at 
    from
        users u1_0 
    where
        u1_0.email=?
Hibernate: 
    select
        u1_0.user_id,
        u1_0.created_at,
        u1_0.email,
        u1_0.first_name,
        u1_0.is_active,
        u1_0.is_verified,
        u1_0.last_login,
        u1_0.last_name,
        u1_0.password_hash,
        u1_0.profile_picture_url,
        u1_0.role,
        u1_0.updated_at 
    from
        users u1_0 
    where
        u1_0.email=?
2026-03-14T21:54:02.634+05:30 DEBUG 20192 --- [skillforge-backend] [nio-8081-exec-5] org.hibernate.SQL                        : 
    select
        e1_0.enrollment_id,
        e1_0.completed_at,
        e1_0.enrolled_at,
        e1_0.goal_id,
        e1_0.last_accessed,
        e1_0.learner_id,
        e1_0.progress_percentage,
        e1_0.status 
    from
        enrollments e1_0 
    where
        e1_0.learner_id=?
Hibernate: 
    select
        e1_0.enrollment_id,
        e1_0.completed_at,
        e1_0.enrolled_at,
        e1_0.goal_id,
        e1_0.last_accessed,
        e1_0.learner_id,
        e1_0.progress_percentage,
        e1_0.status 
    from
        enrollments e1_0 
    where
        e1_0.learner_id=?
2026-03-14T21:54:02.635+05:30 DEBUG 20192 --- [skillforge-backend] [nio-8081-exec-5] org.hibernate.SQL                        : 
    select
        lg1_0.goal_id,
        lg1_0.created_at,
        lg1_0.description,
        lg1_0.difficulty_level,
        lg1_0.instructor_id,
        i1_0.user_id,
        i1_0.created_at,
        i1_0.email,
        i1_0.first_name,
        i1_0.is_active,
        i1_0.is_verified,
        i1_0.last_login,
        i1_0.last_name,
        i1_0.password_hash,
        i1_0.profile_picture_url,
        i1_0.role,
        i1_0.updated_at,
        lg1_0.is_published,
        lg1_0.learning_outcomes,
        lg1_0.prerequisites,
        lg1_0.subject,
        lg1_0.title,
        lg1_0.updated_at 
    from
        learning_goals lg1_0 
    join
        users i1_0 
            on i1_0.user_id=lg1_0.instructor_id 
    where
        lg1_0.goal_id=?
Hibernate: 
    select
        lg1_0.goal_id,
        lg1_0.created_at,
        lg1_0.description,
        lg1_0.difficulty_level,
        lg1_0.instructor_id,
        i1_0.user_id,
        i1_0.created_at,
        i1_0.email,
        i1_0.first_name,
        i1_0.is_active,
        i1_0.is_verified,
        i1_0.last_login,
        i1_0.last_name,
        i1_0.password_hash,
        i1_0.profile_picture_url,
        i1_0.role,
        i1_0.updated_at,
        lg1_0.is_published,
        lg1_0.learning_outcomes,
        lg1_0.prerequisites,
        lg1_0.subject,
        lg1_0.title,
        lg1_0.updated_at 
    from
        learning_goals lg1_0 
    join
        users i1_0 
            on i1_0.user_id=lg1_0.instructor_id 
    where
        lg1_0.goal_id=?
2026-03-14T21:54:02.638+05:30 DEBUG 20192 --- [skillforge-backend] [nio-8081-exec-5] org.hibernate.SQL                        : 
    select
        lg1_0.goal_id,
        lg1_0.created_at,
        lg1_0.description,
        lg1_0.difficulty_level,
        lg1_0.instructor_id,
        i1_0.user_id,
        i1_0.created_at,
        i1_0.email,
        i1_0.first_name,
        i1_0.is_active,
        i1_0.is_verified,
        i1_0.last_login,
        i1_0.last_name,
        i1_0.password_hash,
        i1_0.profile_picture_url,
        i1_0.role,
        i1_0.updated_at,
        lg1_0.is_published,
        lg1_0.learning_outcomes,
        lg1_0.prerequisites,
        lg1_0.subject,
        lg1_0.title,
        lg1_0.updated_at 
    from
        learning_goals lg1_0 
    join
        users i1_0 
            on i1_0.user_id=lg1_0.instructor_id 
    where
        lg1_0.goal_id=?
Hibernate: 
    select
        lg1_0.goal_id,
        lg1_0.created_at,
        lg1_0.description,
        lg1_0.difficulty_level,
        lg1_0.instructor_id,
        i1_0.user_id,
        i1_0.created_at,
        i1_0.email,
        i1_0.first_name,
        i1_0.is_active,
        i1_0.is_verified,
        i1_0.last_login,
        i1_0.last_name,
        i1_0.password_hash,
        i1_0.profile_picture_url,
        i1_0.role,
        i1_0.updated_at,
        lg1_0.is_published,
        lg1_0.learning_outcomes,
        lg1_0.prerequisites,
        lg1_0.subject,
        lg1_0.title,
        lg1_0.updated_at 
    from
        learning_goals lg1_0 
    join
        users i1_0 
            on i1_0.user_id=lg1_0.instructor_id 
    where
        lg1_0.goal_id=?
2026-03-14T21:54:02.641+05:30 DEBUG 20192 --- [skillforge-backend] [nio-8081-exec-5] org.hibernate.SQL                        : 
    select
        lg1_0.goal_id,
        lg1_0.created_at,
        lg1_0.description,
        lg1_0.difficulty_level,
        lg1_0.instructor_id,
        i1_0.user_id,
        i1_0.created_at,
        i1_0.email,
        i1_0.first_name,
        i1_0.is_active,
        i1_0.is_verified,
        i1_0.last_login,
        i1_0.last_name,
        i1_0.password_hash,
        i1_0.profile_picture_url,
        i1_0.role,
        i1_0.updated_at,
        lg1_0.is_published,
        lg1_0.learning_outcomes,
        lg1_0.prerequisites,
        lg1_0.subject,
        lg1_0.title,
        lg1_0.updated_at 
    from
        learning_goals lg1_0 
    join
        users i1_0 
            on i1_0.user_id=lg1_0.instructor_id 
    where
        lg1_0.goal_id=?
Hibernate: 
    select
        lg1_0.goal_id,
        lg1_0.created_at,
        lg1_0.description,
        lg1_0.difficulty_level,
        lg1_0.instructor_id,
        i1_0.user_id,
        i1_0.created_at,
        i1_0.email,
        i1_0.first_name,
        i1_0.is_active,
        i1_0.is_verified,
        i1_0.last_login,
        i1_0.last_name,
        i1_0.password_hash,
        i1_0.profile_picture_url,
        i1_0.role,
        i1_0.updated_at,
        lg1_0.is_published,
        lg1_0.learning_outcomes,
        lg1_0.prerequisites,
        lg1_0.subject,
        lg1_0.title,
        lg1_0.updated_at 
    from
        learning_goals lg1_0 
    join
        users i1_0 
            on i1_0.user_id=lg1_0.instructor_id 
    where
        lg1_0.goal_id=?
2026-03-14T21:54:02.643+05:30 DEBUG 20192 --- [skillforge-backend] [nio-8081-exec-5] org.hibernate.SQL                        : 
    select
        lg1_0.goal_id,
        lg1_0.created_at,
        lg1_0.description,
        lg1_0.difficulty_level,
        lg1_0.instructor_id,
        i1_0.user_id,
        i1_0.created_at,
        i1_0.email,
        i1_0.first_name,
        i1_0.is_active,
        i1_0.is_verified,
        i1_0.last_login,
        i1_0.last_name,
        i1_0.password_hash,
        i1_0.profile_picture_url,
        i1_0.role,
        i1_0.updated_at,
        lg1_0.is_published,
        lg1_0.learning_outcomes,
        lg1_0.prerequisites,
        lg1_0.subject,
        lg1_0.title,
        lg1_0.updated_at 
    from
        learning_goals lg1_0 
    join
        users i1_0 
            on i1_0.user_id=lg1_0.instructor_id 
    where
        lg1_0.goal_id=?
Hibernate: 
    select
        lg1_0.goal_id,
        lg1_0.created_at,
        lg1_0.description,
        lg1_0.difficulty_level,
        lg1_0.instructor_id,
        i1_0.user_id,
        i1_0.created_at,
        i1_0.email,
        i1_0.first_name,
        i1_0.is_active,
        i1_0.is_verified,
        i1_0.last_login,
        i1_0.last_name,
        i1_0.password_hash,
        i1_0.profile_picture_url,
        i1_0.role,
        i1_0.updated_at,
        lg1_0.is_published,
        lg1_0.learning_outcomes,
        lg1_0.prerequisites,
        lg1_0.subject,
        lg1_0.title,
        lg1_0.updated_at 
    from
        learning_goals lg1_0 
    join
        users i1_0 
            on i1_0.user_id=lg1_0.instructor_id 
    where
        lg1_0.goal_id=?
2026-03-14T21:54:02.646+05:30 DEBUG 20192 --- [skillforge-backend] [nio-8081-exec-5] o.s.w.s.m.m.a.HttpEntityMethodProcessor  : Using 'application/json', given [application/json, text/plain, */*] and supported [application/json, application/*+json]
2026-03-14T21:54:02.647+05:30 DEBUG 20192 --- [skillforge-backend] [nio-8081-exec-5] org.hibernate.SQL                        : 
    select
        c1_0.goal_id,
        c1_0.content_id,
        c1_0.content_text,
        c1_0.content_type,
        c1_0.content_url,
        c1_0.created_at,
        c1_0.difficulty_level,
        c1_0.duration_minutes,
        c1_0.metadata,
        c1_0.order_index,
        c1_0.parent_content_id,
        c1_0.title,
        c1_0.updated_at 
    from
        learning_content c1_0 
    where
        c1_0.goal_id=?
Hibernate: 
    select
        c1_0.goal_id,
        c1_0.content_id,
        c1_0.content_text,
        c1_0.content_type,
        c1_0.content_url,
        c1_0.created_at,
        c1_0.difficulty_level,
        c1_0.duration_minutes,
        c1_0.metadata,
        c1_0.order_index,
        c1_0.parent_content_id,
        c1_0.title,
        c1_0.updated_at 
    from
        learning_content c1_0 
    where
        c1_0.goal_id=?
2026-03-14T21:54:02.648+05:30 DEBUG 20192 --- [skillforge-backend] [nio-8081-exec-5] org.hibernate.SQL                        : 
    select
        c1_0.goal_id,
        c1_0.content_id,
        c1_0.content_text,
        c1_0.content_type,
        c1_0.content_url,
        c1_0.created_at,
        c1_0.difficulty_level,
        c1_0.duration_minutes,
        c1_0.metadata,
        c1_0.order_index,
        c1_0.parent_content_id,
        c1_0.title,
        c1_0.updated_at 
    from
        learning_content c1_0 
    where
        c1_0.goal_id=?
Hibernate: 
    select
        c1_0.goal_id,
        c1_0.content_id,
        c1_0.content_text,
        c1_0.content_type,
        c1_0.content_url,
        c1_0.created_at,
        c1_0.difficulty_level,
        c1_0.duration_minutes,
        c1_0.metadata,
        c1_0.order_index,
        c1_0.parent_content_id,
        c1_0.title,
        c1_0.updated_at 
    from
        learning_content c1_0 
    where
        c1_0.goal_id=?
2026-03-14T21:54:02.650+05:30 DEBUG 20192 --- [skillforge-backend] [nio-8081-exec-5] org.hibernate.SQL                        : 
    select
        c1_0.goal_id,
        c1_0.content_id,
        c1_0.content_text,
        c1_0.content_type,
        c1_0.content_url,
        c1_0.created_at,
        c1_0.difficulty_level,
        c1_0.duration_minutes,
        c1_0.metadata,
        c1_0.order_index,
        c1_0.parent_content_id,
        c1_0.title,
        c1_0.updated_at 
    from
        learning_content c1_0 
    where
        c1_0.goal_id=?
Hibernate: 
    select
        c1_0.goal_id,
        c1_0.content_id,
        c1_0.content_text,
        c1_0.content_type,
        c1_0.content_url,
        c1_0.created_at,
        c1_0.difficulty_level,
        c1_0.duration_minutes,
        c1_0.metadata,
        c1_0.order_index,
        c1_0.parent_content_id,
        c1_0.title,
        c1_0.updated_at 
    from
        learning_content c1_0 
    where
        c1_0.goal_id=?
2026-03-14T21:54:02.651+05:30 DEBUG 20192 --- [skillforge-backend] [nio-8081-exec-5] org.hibernate.SQL                        : 
    select
        c1_0.goal_id,
        c1_0.content_id,
        c1_0.content_text,
        c1_0.content_type,
        c1_0.content_url,
        c1_0.created_at,
        c1_0.difficulty_level,
        c1_0.duration_minutes,
        c1_0.metadata,
        c1_0.order_index,
        c1_0.parent_content_id,
        c1_0.title,
        c1_0.updated_at 
    from
        learning_content c1_0 
    where
        c1_0.goal_id=?
Hibernate: 
    select
        c1_0.goal_id,
        c1_0.content_id,
        c1_0.content_text,
        c1_0.content_type,
        c1_0.content_url,
        c1_0.created_at,
        c1_0.difficulty_level,
        c1_0.duration_minutes,
        c1_0.metadata,
        c1_0.order_index,
        c1_0.parent_content_id,
        c1_0.title,
        c1_0.updated_at 
    from
        learning_content c1_0 
    where
        c1_0.goal_id=?
2026-03-14T21:54:02.652+05:30 DEBUG 20192 --- [skillforge-backend] [nio-8081-exec-5] o.s.w.s.m.m.a.HttpEntityMethodProcessor  : Writing [[Enrollment(enrollmentId=ede960d4-964a-4aee-b619-df22ed1aae4b, learner=User(userId=5e5511bd-5ddb-400 (truncated)...]
2026-03-14T21:54:02.655+05:30 DEBUG 20192 --- [skillforge-backend] [nio-8081-exec-5] o.s.web.servlet.DispatcherServlet        : Completed 200 OK
2026-03-14T21:54:07.125+05:30 DEBUG 20192 --- [skillforge-backend] [nio-8081-exec-8] o.s.security.web.FilterChainProxy        : Securing GET /api/learner/enrollments
2026-03-14T21:54:07.125+05:30 DEBUG 20192 --- [skillforge-backend] [nio-8081-exec-4] o.s.security.web.FilterChainProxy        : Securing OPTIONS /api/learner/goals/1b90cdf5-1221-4648-9220-0c9c06bf1ecb/overview
2026-03-14T21:54:07.126+05:30 DEBUG 20192 --- [skillforge-backend] [nio-8081-exec-6] o.s.security.web.FilterChainProxy        : Securing OPTIONS /api/learner/goals/1b90cdf5-1221-4648-9220-0c9c06bf1ecb/overview
2026-03-14T21:54:07.131+05:30 DEBUG 20192 --- [skillforge-backend] [nio-8081-exec-9] o.s.security.web.FilterChainProxy        : Securing GET /api/learner/goals/1b90cdf5-1221-4648-9220-0c9c06bf1ecb/overview
2026-03-14T21:54:07.132+05:30 DEBUG 20192 --- [skillforge-backend] [nio-8081-exec-8] org.hibernate.SQL                        : 
    select
        u1_0.user_id,
        u1_0.created_at,
        u1_0.email,
        u1_0.first_name,
        u1_0.is_active,
        u1_0.is_verified,
        u1_0.last_login,
        u1_0.last_name,
        u1_0.password_hash,
        u1_0.profile_picture_url,
        u1_0.role,
        u1_0.updated_at 
    from
        users u1_0 
    where
        u1_0.email=?
Hibernate: 
    select
        u1_0.user_id,
        u1_0.created_at,
        u1_0.email,
        u1_0.first_name,
        u1_0.is_active,
        u1_0.is_verified,
        u1_0.last_login,
        u1_0.last_name,
        u1_0.password_hash,
        u1_0.profile_picture_url,
        u1_0.role,
        u1_0.updated_at 
    from
        users u1_0 
    where
        u1_0.email=?
2026-03-14T21:54:07.136+05:30 DEBUG 20192 --- [skillforge-backend] [nio-8081-exec-8] o.s.security.web.FilterChainProxy        : Secured GET /api/learner/enrollments
2026-03-14T21:54:07.138+05:30 DEBUG 20192 --- [skillforge-backend] [nio-8081-exec-8] o.s.web.servlet.DispatcherServlet        : GET "/api/learner/enrollments", parameters={}
2026-03-14T21:54:07.138+05:30 DEBUG 20192 --- [skillforge-backend] [nio-8081-exec-9] org.hibernate.SQL                        : 
    select
        u1_0.user_id,
        u1_0.created_at,
        u1_0.email,
        u1_0.first_name,
        u1_0.is_active,
        u1_0.is_verified,
        u1_0.last_login,
        u1_0.last_name,
        u1_0.password_hash,
        u1_0.profile_picture_url,
        u1_0.role,
        u1_0.updated_at 
    from
        users u1_0 
    where
        u1_0.email=?
Hibernate: 
    select
        u1_0.user_id,
        u1_0.created_at,
        u1_0.email,
        u1_0.first_name,
        u1_0.is_active,
        u1_0.is_verified,
        u1_0.last_login,
        u1_0.last_name,
        u1_0.password_hash,
        u1_0.profile_picture_url,
        u1_0.role,
        u1_0.updated_at 
    from
        users u1_0 
    where
        u1_0.email=?
2026-03-14T21:54:07.138+05:30 DEBUG 20192 --- [skillforge-backend] [nio-8081-exec-8] s.w.s.m.m.a.RequestMappingHandlerMapping : Mapped to com.skillforge.controller.LearnerController#getMyEnrollments(UserPrincipal)
2026-03-14T21:54:07.139+05:30 DEBUG 20192 --- [skillforge-backend] [nio-8081-exec-8] horizationManagerBeforeMethodInterceptor : Authorizing method invocation ReflectiveMethodInvocation: public org.springframework.http.ResponseEntity com.skillforge.controller.LearnerController.getMyEnrollments(com.skillforge.security.UserPrincipal); target is of class [com.skillforge.controller.LearnerController]
2026-03-14T21:54:07.140+05:30 DEBUG 20192 --- [skillforge-backend] [nio-8081-exec-8] horizationManagerBeforeMethodInterceptor : Authorized method invocation ReflectiveMethodInvocation: public org.springframework.http.ResponseEntity com.skillforge.controller.LearnerController.getMyEnrollments(com.skillforge.security.UserPrincipal); target is of class [com.skillforge.controller.LearnerController]
2026-03-14T21:54:07.140+05:30 DEBUG 20192 --- [skillforge-backend] [nio-8081-exec-9] o.s.security.web.FilterChainProxy        : Secured GET /api/learner/goals/1b90cdf5-1221-4648-9220-0c9c06bf1ecb/overview
2026-03-14T21:54:07.141+05:30 DEBUG 20192 --- [skillforge-backend] [nio-8081-exec-9] o.s.web.servlet.DispatcherServlet        : GET "/api/learner/goals/1b90cdf5-1221-4648-9220-0c9c06bf1ecb/overview", parameters={}
2026-03-14T21:54:07.141+05:30 DEBUG 20192 --- [skillforge-backend] [nio-8081-exec-9] s.w.s.m.m.a.RequestMappingHandlerMapping : Mapped to com.skillforge.controller.LearnerController#getGoalOverview(UUID, UserPrincipal)
2026-03-14T21:54:07.142+05:30 DEBUG 20192 --- [skillforge-backend] [nio-8081-exec-8] org.hibernate.SQL                        : 
    select
        u1_0.user_id,
        u1_0.created_at,
        u1_0.email,
        u1_0.first_name,
        u1_0.is_active,
        u1_0.is_verified,
        u1_0.last_login,
        u1_0.last_name,
        u1_0.password_hash,
        u1_0.profile_picture_url,
        u1_0.role,
        u1_0.updated_at 
    from
        users u1_0 
    where
        u1_0.email=?
Hibernate: 
    select
        u1_0.user_id,
        u1_0.created_at,
        u1_0.email,
        u1_0.first_name,
        u1_0.is_active,
        u1_0.is_verified,
        u1_0.last_login,
        u1_0.last_name,
        u1_0.password_hash,
        u1_0.profile_picture_url,
        u1_0.role,
        u1_0.updated_at 
    from
        users u1_0 
    where
        u1_0.email=?
2026-03-14T21:54:07.147+05:30 DEBUG 20192 --- [skillforge-backend] [nio-8081-exec-8] org.hibernate.SQL                        : 
    select
        e1_0.enrollment_id,
        e1_0.completed_at,
        e1_0.enrolled_at,
        e1_0.goal_id,
        e1_0.last_accessed,
        e1_0.learner_id,
        e1_0.progress_percentage,
        e1_0.status 
    from
        enrollments e1_0 
    where
        e1_0.learner_id=?
Hibernate: 
    select
        e1_0.enrollment_id,
        e1_0.completed_at,
        e1_0.enrolled_at,
        e1_0.goal_id,
        e1_0.last_accessed,
        e1_0.learner_id,
        e1_0.progress_percentage,
        e1_0.status 
    from
        enrollments e1_0 
    where
        e1_0.learner_id=?
2026-03-14T21:54:07.150+05:30 DEBUG 20192 --- [skillforge-backend] [nio-8081-exec-8] org.hibernate.SQL                        : 
    select
        lg1_0.goal_id,
        lg1_0.created_at,
        lg1_0.description,
        lg1_0.difficulty_level,
        lg1_0.instructor_id,
        i1_0.user_id,
        i1_0.created_at,
        i1_0.email,
        i1_0.first_name,
        i1_0.is_active,
        i1_0.is_verified,
        i1_0.last_login,
        i1_0.last_name,
        i1_0.password_hash,
        i1_0.profile_picture_url,
        i1_0.role,
        i1_0.updated_at,
        lg1_0.is_published,
        lg1_0.learning_outcomes,
        lg1_0.prerequisites,
        lg1_0.subject,
        lg1_0.title,
        lg1_0.updated_at 
    from
        learning_goals lg1_0 
    join
        users i1_0 
            on i1_0.user_id=lg1_0.instructor_id 
    where
        lg1_0.goal_id=?
Hibernate: 
    select
        lg1_0.goal_id,
        lg1_0.created_at,
        lg1_0.description,
        lg1_0.difficulty_level,
        lg1_0.instructor_id,
        i1_0.user_id,
        i1_0.created_at,
        i1_0.email,
        i1_0.first_name,
        i1_0.is_active,
        i1_0.is_verified,
        i1_0.last_login,
        i1_0.last_name,
        i1_0.password_hash,
        i1_0.profile_picture_url,
        i1_0.role,
        i1_0.updated_at,
        lg1_0.is_published,
        lg1_0.learning_outcomes,
        lg1_0.prerequisites,
        lg1_0.subject,
        lg1_0.title,
        lg1_0.updated_at 
    from
        learning_goals lg1_0 
    join
        users i1_0 
            on i1_0.user_id=lg1_0.instructor_id 
    where
        lg1_0.goal_id=?
2026-03-14T21:54:07.153+05:30 DEBUG 20192 --- [skillforge-backend] [nio-8081-exec-8] org.hibernate.SQL                        : 
    select
        lg1_0.goal_id,
        lg1_0.created_at,
        lg1_0.description,
        lg1_0.difficulty_level,
        lg1_0.instructor_id,
        i1_0.user_id,
        i1_0.created_at,
        i1_0.email,
        i1_0.first_name,
        i1_0.is_active,
        i1_0.is_verified,
        i1_0.last_login,
        i1_0.last_name,
        i1_0.password_hash,
        i1_0.profile_picture_url,
        i1_0.role,
        i1_0.updated_at,
        lg1_0.is_published,
        lg1_0.learning_outcomes,
        lg1_0.prerequisites,
        lg1_0.subject,
        lg1_0.title,
        lg1_0.updated_at 
    from
        learning_goals lg1_0 
    join
        users i1_0 
            on i1_0.user_id=lg1_0.instructor_id 
    where
        lg1_0.goal_id=?
Hibernate: 
    select
        lg1_0.goal_id,
        lg1_0.created_at,
        lg1_0.description,
        lg1_0.difficulty_level,
        lg1_0.instructor_id,
        i1_0.user_id,
        i1_0.created_at,
        i1_0.email,
        i1_0.first_name,
        i1_0.is_active,
        i1_0.is_verified,
        i1_0.last_login,
        i1_0.last_name,
        i1_0.password_hash,
        i1_0.profile_picture_url,
        i1_0.role,
        i1_0.updated_at,
        lg1_0.is_published,
        lg1_0.learning_outcomes,
        lg1_0.prerequisites,
        lg1_0.subject,
        lg1_0.title,
        lg1_0.updated_at 
    from
        learning_goals lg1_0 
    join
        users i1_0 
            on i1_0.user_id=lg1_0.instructor_id 
    where
        lg1_0.goal_id=?
2026-03-14T21:54:07.153+05:30 DEBUG 20192 --- [skillforge-backend] [nio-8081-exec-9] horizationManagerBeforeMethodInterceptor : Authorizing method invocation ReflectiveMethodInvocation: public org.springframework.http.ResponseEntity com.skillforge.controller.LearnerController.getGoalOverview(java.util.UUID,com.skillforge.security.UserPrincipal); target is of class [com.skillforge.controller.LearnerController]
2026-03-14T21:54:07.155+05:30 DEBUG 20192 --- [skillforge-backend] [nio-8081-exec-9] horizationManagerBeforeMethodInterceptor : Authorized method invocation ReflectiveMethodInvocation: public org.springframework.http.ResponseEntity com.skillforge.controller.LearnerController.getGoalOverview(java.util.UUID,com.skillforge.security.UserPrincipal); target is of class [com.skillforge.controller.LearnerController]
2026-03-14T21:54:07.156+05:30 DEBUG 20192 --- [skillforge-backend] [nio-8081-exec-8] org.hibernate.SQL                        : 
    select
        lg1_0.goal_id,
        lg1_0.created_at,
        lg1_0.description,
        lg1_0.difficulty_level,
        lg1_0.instructor_id,
        i1_0.user_id,
        i1_0.created_at,
        i1_0.email,
        i1_0.first_name,
        i1_0.is_active,
        i1_0.is_verified,
        i1_0.last_login,
        i1_0.last_name,
        i1_0.password_hash,
        i1_0.profile_picture_url,
        i1_0.role,
        i1_0.updated_at,
        lg1_0.is_published,
        lg1_0.learning_outcomes,
        lg1_0.prerequisites,
        lg1_0.subject,
        lg1_0.title,
        lg1_0.updated_at 
    from
        learning_goals lg1_0 
    join
        users i1_0 
            on i1_0.user_id=lg1_0.instructor_id 
    where
        lg1_0.goal_id=?
Hibernate: 
    select
        lg1_0.goal_id,
        lg1_0.created_at,
        lg1_0.description,
        lg1_0.difficulty_level,
        lg1_0.instructor_id,
        i1_0.user_id,
        i1_0.created_at,
        i1_0.email,
        i1_0.first_name,
        i1_0.is_active,
        i1_0.is_verified,
        i1_0.last_login,
        i1_0.last_name,
        i1_0.password_hash,
        i1_0.profile_picture_url,
        i1_0.role,
        i1_0.updated_at,
        lg1_0.is_published,
        lg1_0.learning_outcomes,
        lg1_0.prerequisites,
        lg1_0.subject,
        lg1_0.title,
        lg1_0.updated_at 
    from
        learning_goals lg1_0 
    join
        users i1_0 
            on i1_0.user_id=lg1_0.instructor_id 
    where
        lg1_0.goal_id=?
2026-03-14T21:54:07.157+05:30 DEBUG 20192 --- [skillforge-backend] [nio-8081-exec-9] org.hibernate.SQL                        : 
    select
        u1_0.user_id,
        u1_0.created_at,
        u1_0.email,
        u1_0.first_name,
        u1_0.is_active,
        u1_0.is_verified,
        u1_0.last_login,
        u1_0.last_name,
        u1_0.password_hash,
        u1_0.profile_picture_url,
        u1_0.role,
        u1_0.updated_at 
    from
        users u1_0 
    where
        u1_0.email=?
Hibernate: 
    select
        u1_0.user_id,
        u1_0.created_at,
        u1_0.email,
        u1_0.first_name,
        u1_0.is_active,
        u1_0.is_verified,
        u1_0.last_login,
        u1_0.last_name,
        u1_0.password_hash,
        u1_0.profile_picture_url,
        u1_0.role,
        u1_0.updated_at 
    from
        users u1_0 
    where
        u1_0.email=?
2026-03-14T21:54:07.158+05:30 DEBUG 20192 --- [skillforge-backend] [nio-8081-exec-8] org.hibernate.SQL                        : 
    select
        lg1_0.goal_id,
        lg1_0.created_at,
        lg1_0.description,
        lg1_0.difficulty_level,
        lg1_0.instructor_id,
        i1_0.user_id,
        i1_0.created_at,
        i1_0.email,
        i1_0.first_name,
        i1_0.is_active,
        i1_0.is_verified,
        i1_0.last_login,
        i1_0.last_name,
        i1_0.password_hash,
        i1_0.profile_picture_url,
        i1_0.role,
        i1_0.updated_at,
        lg1_0.is_published,
        lg1_0.learning_outcomes,
        lg1_0.prerequisites,
        lg1_0.subject,
        lg1_0.title,
        lg1_0.updated_at 
    from
        learning_goals lg1_0 
    join
        users i1_0 
            on i1_0.user_id=lg1_0.instructor_id 
    where
        lg1_0.goal_id=?
Hibernate: 
    select
        lg1_0.goal_id,
        lg1_0.created_at,
        lg1_0.description,
        lg1_0.difficulty_level,
        lg1_0.instructor_id,
        i1_0.user_id,
        i1_0.created_at,
        i1_0.email,
        i1_0.first_name,
        i1_0.is_active,
        i1_0.is_verified,
        i1_0.last_login,
        i1_0.last_name,
        i1_0.password_hash,
        i1_0.profile_picture_url,
        i1_0.role,
        i1_0.updated_at,
        lg1_0.is_published,
        lg1_0.learning_outcomes,
        lg1_0.prerequisites,
        lg1_0.subject,
        lg1_0.title,
        lg1_0.updated_at 
    from
        learning_goals lg1_0 
    join
        users i1_0 
            on i1_0.user_id=lg1_0.instructor_id 
    where
        lg1_0.goal_id=?
2026-03-14T21:54:07.161+05:30 DEBUG 20192 --- [skillforge-backend] [nio-8081-exec-8] o.s.w.s.m.m.a.HttpEntityMethodProcessor  : Using 'application/json', given [application/json, text/plain, */*] and supported [application/json, application/*+json]
2026-03-14T21:54:07.163+05:30 DEBUG 20192 --- [skillforge-backend] [nio-8081-exec-8] org.hibernate.SQL                        : 
    select
        c1_0.goal_id,
        c1_0.content_id,
        c1_0.content_text,
        c1_0.content_type,
        c1_0.content_url,
        c1_0.created_at,
        c1_0.difficulty_level,
        c1_0.duration_minutes,
        c1_0.metadata,
        c1_0.order_index,
        c1_0.parent_content_id,
        c1_0.title,
        c1_0.updated_at 
    from
        learning_content c1_0 
    where
        c1_0.goal_id=?
Hibernate: 
    select
        c1_0.goal_id,
        c1_0.content_id,
        c1_0.content_text,
        c1_0.content_type,
        c1_0.content_url,
        c1_0.created_at,
        c1_0.difficulty_level,
        c1_0.duration_minutes,
        c1_0.metadata,
        c1_0.order_index,
        c1_0.parent_content_id,
        c1_0.title,
        c1_0.updated_at 
    from
        learning_content c1_0 
    where
        c1_0.goal_id=?
2026-03-14T21:54:07.165+05:30 DEBUG 20192 --- [skillforge-backend] [nio-8081-exec-8] org.hibernate.SQL                        : 
    select
        c1_0.goal_id,
        c1_0.content_id,
        c1_0.content_text,
        c1_0.content_type,
        c1_0.content_url,
        c1_0.created_at,
        c1_0.difficulty_level,
        c1_0.duration_minutes,
        c1_0.metadata,
        c1_0.order_index,
        c1_0.parent_content_id,
        c1_0.title,
        c1_0.updated_at 
    from
        learning_content c1_0 
    where
        c1_0.goal_id=?
Hibernate: 
    select
        c1_0.goal_id,
        c1_0.content_id,
        c1_0.content_text,
        c1_0.content_type,
        c1_0.content_url,
        c1_0.created_at,
        c1_0.difficulty_level,
        c1_0.duration_minutes,
        c1_0.metadata,
        c1_0.order_index,
        c1_0.parent_content_id,
        c1_0.title,
        c1_0.updated_at 
    from
        learning_content c1_0 
    where
        c1_0.goal_id=?
2026-03-14T21:54:07.166+05:30 DEBUG 20192 --- [skillforge-backend] [nio-8081-exec-8] org.hibernate.SQL                        : 
    select
        c1_0.goal_id,
        c1_0.content_id,
        c1_0.content_text,
        c1_0.content_type,
        c1_0.content_url,
        c1_0.created_at,
        c1_0.difficulty_level,
        c1_0.duration_minutes,
        c1_0.metadata,
        c1_0.order_index,
        c1_0.parent_content_id,
        c1_0.title,
        c1_0.updated_at 
    from
        learning_content c1_0 
    where
        c1_0.goal_id=?
Hibernate: 
    select
        c1_0.goal_id,
        c1_0.content_id,
        c1_0.content_text,
        c1_0.content_type,
        c1_0.content_url,
        c1_0.created_at,
        c1_0.difficulty_level,
        c1_0.duration_minutes,
        c1_0.metadata,
        c1_0.order_index,
        c1_0.parent_content_id,
        c1_0.title,
        c1_0.updated_at 
    from
        learning_content c1_0 
    where
        c1_0.goal_id=?
2026-03-14T21:54:07.167+05:30 DEBUG 20192 --- [skillforge-backend] [nio-8081-exec-8] org.hibernate.SQL                        : 
    select
        c1_0.goal_id,
        c1_0.content_id,
        c1_0.content_text,
        c1_0.content_type,
        c1_0.content_url,
        c1_0.created_at,
        c1_0.difficulty_level,
        c1_0.duration_minutes,
        c1_0.metadata,
        c1_0.order_index,
        c1_0.parent_content_id,
        c1_0.title,
        c1_0.updated_at 
    from
        learning_content c1_0 
    where
        c1_0.goal_id=?
Hibernate: 
    select
        c1_0.goal_id,
        c1_0.content_id,
        c1_0.content_text,
        c1_0.content_type,
        c1_0.content_url,
        c1_0.created_at,
        c1_0.difficulty_level,
        c1_0.duration_minutes,
        c1_0.metadata,
        c1_0.order_index,
        c1_0.parent_content_id,
        c1_0.title,
        c1_0.updated_at 
    from
        learning_content c1_0 
    where
        c1_0.goal_id=?
2026-03-14T21:54:07.167+05:30 DEBUG 20192 --- [skillforge-backend] [nio-8081-exec-9] org.hibernate.SQL                        : 
    select
        lg1_0.goal_id,
        lg1_0.created_at,
        lg1_0.description,
        lg1_0.difficulty_level,
        lg1_0.instructor_id,
        i1_0.user_id,
        i1_0.created_at,
        i1_0.email,
        i1_0.first_name,
        i1_0.is_active,
        i1_0.is_verified,
        i1_0.last_login,
        i1_0.last_name,
        i1_0.password_hash,
        i1_0.profile_picture_url,
        i1_0.role,
        i1_0.updated_at,
        lg1_0.is_published,
        lg1_0.learning_outcomes,
        lg1_0.prerequisites,
        lg1_0.subject,
        lg1_0.title,
        lg1_0.updated_at 
    from
        learning_goals lg1_0 
    join
        users i1_0 
            on i1_0.user_id=lg1_0.instructor_id 
    where
        lg1_0.goal_id=?
Hibernate: 
    select
        lg1_0.goal_id,
        lg1_0.created_at,
        lg1_0.description,
        lg1_0.difficulty_level,
        lg1_0.instructor_id,
        i1_0.user_id,
        i1_0.created_at,
        i1_0.email,
        i1_0.first_name,
        i1_0.is_active,
        i1_0.is_verified,
        i1_0.last_login,
        i1_0.last_name,
        i1_0.password_hash,
        i1_0.profile_picture_url,
        i1_0.role,
        i1_0.updated_at,
        lg1_0.is_published,
        lg1_0.learning_outcomes,
        lg1_0.prerequisites,
        lg1_0.subject,
        lg1_0.title,
        lg1_0.updated_at 
    from
        learning_goals lg1_0 
    join
        users i1_0 
            on i1_0.user_id=lg1_0.instructor_id 
    where
        lg1_0.goal_id=?
2026-03-14T21:54:07.168+05:30 DEBUG 20192 --- [skillforge-backend] [nio-8081-exec-8] o.s.w.s.m.m.a.HttpEntityMethodProcessor  : Writing [[Enrollment(enrollmentId=ede960d4-964a-4aee-b619-df22ed1aae4b, learner=User(userId=5e5511bd-5ddb-400 (truncated)...]
2026-03-14T21:54:07.171+05:30 DEBUG 20192 --- [skillforge-backend] [nio-8081-exec-8] o.s.web.servlet.DispatcherServlet        : Completed 200 OK
2026-03-14T21:54:07.172+05:30 DEBUG 20192 --- [skillforge-backend] [nio-8081-exec-7] o.s.security.web.FilterChainProxy        : Securing GET /api/learner/enrollments
2026-03-14T21:54:07.175+05:30 DEBUG 20192 --- [skillforge-backend] [nio-8081-exec-9] org.hibernate.SQL                        : 
    select
        e1_0.enrollment_id 
    from
        enrollments e1_0 
    where
        e1_0.learner_id=? 
        and e1_0.goal_id=? 
    fetch
        first ? rows only
Hibernate: 
    select
        e1_0.enrollment_id 
    from
        enrollments e1_0 
    where
        e1_0.learner_id=? 
        and e1_0.goal_id=? 
    fetch
        first ? rows only
2026-03-14T21:54:07.175+05:30 DEBUG 20192 --- [skillforge-backend] [nio-8081-exec-7] org.hibernate.SQL                        : 
    select
        u1_0.user_id,
        u1_0.created_at,
        u1_0.email,
        u1_0.first_name,
        u1_0.is_active,
        u1_0.is_verified,
        u1_0.last_login,
        u1_0.last_name,
        u1_0.password_hash,
        u1_0.profile_picture_url,
        u1_0.role,
        u1_0.updated_at 
    from
        users u1_0 
    where
        u1_0.email=?
Hibernate: 
    select
        u1_0.user_id,
        u1_0.created_at,
        u1_0.email,
        u1_0.first_name,
        u1_0.is_active,
        u1_0.is_verified,
        u1_0.last_login,
        u1_0.last_name,
        u1_0.password_hash,
        u1_0.profile_picture_url,
        u1_0.role,
        u1_0.updated_at 
    from
        users u1_0 
    where
        u1_0.email=?
2026-03-14T21:54:07.178+05:30 DEBUG 20192 --- [skillforge-backend] [nio-8081-exec-7] o.s.security.web.FilterChainProxy        : Secured GET /api/learner/enrollments
2026-03-14T21:54:07.179+05:30 DEBUG 20192 --- [skillforge-backend] [nio-8081-exec-7] o.s.web.servlet.DispatcherServlet        : GET "/api/learner/enrollments", parameters={}
2026-03-14T21:54:07.180+05:30 DEBUG 20192 --- [skillforge-backend] [nio-8081-exec-7] s.w.s.m.m.a.RequestMappingHandlerMapping : Mapped to com.skillforge.controller.LearnerController#getMyEnrollments(UserPrincipal)
2026-03-14T21:54:07.180+05:30 DEBUG 20192 --- [skillforge-backend] [nio-8081-exec-7] horizationManagerBeforeMethodInterceptor : Authorizing method invocation ReflectiveMethodInvocation: public org.springframework.http.ResponseEntity com.skillforge.controller.LearnerController.getMyEnrollments(com.skillforge.security.UserPrincipal); target is of class [com.skillforge.controller.LearnerController]
2026-03-14T21:54:07.181+05:30 DEBUG 20192 --- [skillforge-backend] [nio-8081-exec-7] horizationManagerBeforeMethodInterceptor : Authorized method invocation ReflectiveMethodInvocation: public org.springframework.http.ResponseEntity com.skillforge.controller.LearnerController.getMyEnrollments(com.skillforge.security.UserPrincipal); target is of class [com.skillforge.controller.LearnerController]
2026-03-14T21:54:07.181+05:30 DEBUG 20192 --- [skillforge-backend] [nio-8081-exec-9] org.hibernate.SQL                        : 
    select
        e1_0.exam_id,
        e1_0.conduct_method,
        e1_0.course_id,
        e1_0.created_at,
        e1_0.description,
        e1_0.duration_minutes,
        e1_0.exam_type,
        e1_0.instructor_id,
        e1_0.learner_owner_id,
        e1_0.learning_goals,
        e1_0.passing_score,
        e1_0.scheduled_date,
        e1_0.source_exam_id,
        e1_0.status,
        e1_0.title,
        e1_0.total_questions,
        e1_0.updated_at 
    from
        exams e1_0 
    left join
        learning_goals c1_0 
            on c1_0.goal_id=e1_0.course_id 
    where
        c1_0.goal_id=?
Hibernate: 
    select
        e1_0.exam_id,
        e1_0.conduct_method,
        e1_0.course_id,
        e1_0.created_at,
        e1_0.description,
        e1_0.duration_minutes,
        e1_0.exam_type,
        e1_0.instructor_id,
        e1_0.learner_owner_id,
        e1_0.learning_goals,
        e1_0.passing_score,
        e1_0.scheduled_date,
        e1_0.source_exam_id,
        e1_0.status,
        e1_0.title,
        e1_0.total_questions,
        e1_0.updated_at 
    from
        exams e1_0 
    left join
        learning_goals c1_0 
            on c1_0.goal_id=e1_0.course_id 
    where
        c1_0.goal_id=?
2026-03-14T21:54:07.182+05:30 DEBUG 20192 --- [skillforge-backend] [nio-8081-exec-7] org.hibernate.SQL                        : 
    select
        u1_0.user_id,
        u1_0.created_at,
        u1_0.email,
        u1_0.first_name,
        u1_0.is_active,
        u1_0.is_verified,
        u1_0.last_login,
        u1_0.last_name,
        u1_0.password_hash,
        u1_0.profile_picture_url,
        u1_0.role,
        u1_0.updated_at 
    from
        users u1_0 
    where
        u1_0.email=?
Hibernate: 
    select
        u1_0.user_id,
        u1_0.created_at,
        u1_0.email,
        u1_0.first_name,
        u1_0.is_active,
        u1_0.is_verified,
        u1_0.last_login,
        u1_0.last_name,
        u1_0.password_hash,
        u1_0.profile_picture_url,
        u1_0.role,
        u1_0.updated_at 
    from
        users u1_0 
    where
        u1_0.email=?
2026-03-14T21:54:07.184+05:30 DEBUG 20192 --- [skillforge-backend] [nio-8081-exec-7] org.hibernate.SQL                        : 
    select
        e1_0.enrollment_id,
        e1_0.completed_at,
        e1_0.enrolled_at,
        e1_0.goal_id,
        e1_0.last_accessed,
        e1_0.learner_id,
        e1_0.progress_percentage,
        e1_0.status 
    from
        enrollments e1_0 
    where
        e1_0.learner_id=?
Hibernate: 
    select
        e1_0.enrollment_id,
        e1_0.completed_at,
        e1_0.enrolled_at,
        e1_0.goal_id,
        e1_0.last_accessed,
        e1_0.learner_id,
        e1_0.progress_percentage,
        e1_0.status 
    from
        enrollments e1_0 
    where
        e1_0.learner_id=?
2026-03-14T21:54:07.187+05:30 DEBUG 20192 --- [skillforge-backend] [nio-8081-exec-7] org.hibernate.SQL                        : 
    select
        lg1_0.goal_id,
        lg1_0.created_at,
        lg1_0.description,
        lg1_0.difficulty_level,
        lg1_0.instructor_id,
        i1_0.user_id,
        i1_0.created_at,
        i1_0.email,
        i1_0.first_name,
        i1_0.is_active,
        i1_0.is_verified,
        i1_0.last_login,
        i1_0.last_name,
        i1_0.password_hash,
        i1_0.profile_picture_url,
        i1_0.role,
        i1_0.updated_at,
        lg1_0.is_published,
        lg1_0.learning_outcomes,
        lg1_0.prerequisites,
        lg1_0.subject,
        lg1_0.title,
        lg1_0.updated_at 
    from
        learning_goals lg1_0 
    join
        users i1_0 
            on i1_0.user_id=lg1_0.instructor_id 
    where
        lg1_0.goal_id=?
Hibernate: 
    select
        lg1_0.goal_id,
        lg1_0.created_at,
        lg1_0.description,
        lg1_0.difficulty_level,
        lg1_0.instructor_id,
        i1_0.user_id,
        i1_0.created_at,
        i1_0.email,
        i1_0.first_name,
        i1_0.is_active,
        i1_0.is_verified,
        i1_0.last_login,
        i1_0.last_name,
        i1_0.password_hash,
        i1_0.profile_picture_url,
        i1_0.role,
        i1_0.updated_at,
        lg1_0.is_published,
        lg1_0.learning_outcomes,
        lg1_0.prerequisites,
        lg1_0.subject,
        lg1_0.title,
        lg1_0.updated_at 
    from
        learning_goals lg1_0 
    join
        users i1_0 
            on i1_0.user_id=lg1_0.instructor_id 
    where
        lg1_0.goal_id=?
2026-03-14T21:54:07.189+05:30 DEBUG 20192 --- [skillforge-backend] [nio-8081-exec-7] org.hibernate.SQL                        : 
    select
        lg1_0.goal_id,
        lg1_0.created_at,
        lg1_0.description,
        lg1_0.difficulty_level,
        lg1_0.instructor_id,
        i1_0.user_id,
        i1_0.created_at,
        i1_0.email,
        i1_0.first_name,
        i1_0.is_active,
        i1_0.is_verified,
        i1_0.last_login,
        i1_0.last_name,
        i1_0.password_hash,
        i1_0.profile_picture_url,
        i1_0.role,
        i1_0.updated_at,
        lg1_0.is_published,
        lg1_0.learning_outcomes,
        lg1_0.prerequisites,
        lg1_0.subject,
        lg1_0.title,
        lg1_0.updated_at 
    from
        learning_goals lg1_0 
    join
        users i1_0 
            on i1_0.user_id=lg1_0.instructor_id 
    where
        lg1_0.goal_id=?
Hibernate: 
    select
        lg1_0.goal_id,
        lg1_0.created_at,
        lg1_0.description,
        lg1_0.difficulty_level,
        lg1_0.instructor_id,
        i1_0.user_id,
        i1_0.created_at,
        i1_0.email,
        i1_0.first_name,
        i1_0.is_active,
        i1_0.is_verified,
        i1_0.last_login,
        i1_0.last_name,
        i1_0.password_hash,
        i1_0.profile_picture_url,
        i1_0.role,
        i1_0.updated_at,
        lg1_0.is_published,
        lg1_0.learning_outcomes,
        lg1_0.prerequisites,
        lg1_0.subject,
        lg1_0.title,
        lg1_0.updated_at 
    from
        learning_goals lg1_0 
    join
        users i1_0 
            on i1_0.user_id=lg1_0.instructor_id 
    where
        lg1_0.goal_id=?
2026-03-14T21:54:07.191+05:30 DEBUG 20192 --- [skillforge-backend] [nio-8081-exec-7] org.hibernate.SQL                        : 
    select
        lg1_0.goal_id,
        lg1_0.created_at,
        lg1_0.description,
        lg1_0.difficulty_level,
        lg1_0.instructor_id,
        i1_0.user_id,
        i1_0.created_at,
        i1_0.email,
        i1_0.first_name,
        i1_0.is_active,
        i1_0.is_verified,
        i1_0.last_login,
        i1_0.last_name,
        i1_0.password_hash,
        i1_0.profile_picture_url,
        i1_0.role,
        i1_0.updated_at,
        lg1_0.is_published,
        lg1_0.learning_outcomes,
        lg1_0.prerequisites,
        lg1_0.subject,
        lg1_0.title,
        lg1_0.updated_at 
    from
        learning_goals lg1_0 
    join
        users i1_0 
            on i1_0.user_id=lg1_0.instructor_id 
    where
        lg1_0.goal_id=?
Hibernate: 
    select
        lg1_0.goal_id,
        lg1_0.created_at,
        lg1_0.description,
        lg1_0.difficulty_level,
        lg1_0.instructor_id,
        i1_0.user_id,
        i1_0.created_at,
        i1_0.email,
        i1_0.first_name,
        i1_0.is_active,
        i1_0.is_verified,
        i1_0.last_login,
        i1_0.last_name,
        i1_0.password_hash,
        i1_0.profile_picture_url,
        i1_0.role,
        i1_0.updated_at,
        lg1_0.is_published,
        lg1_0.learning_outcomes,
        lg1_0.prerequisites,
        lg1_0.subject,
        lg1_0.title,
        lg1_0.updated_at 
    from
        learning_goals lg1_0 
    join
        users i1_0 
            on i1_0.user_id=lg1_0.instructor_id 
    where
        lg1_0.goal_id=?
2026-03-14T21:54:07.191+05:30 DEBUG 20192 --- [skillforge-backend] [nio-8081-exec-9] org.hibernate.SQL                        : 
    select
        lc1_0.content_id,
        lc1_0.content_text,
        lc1_0.content_type,
        lc1_0.content_url,
        lc1_0.created_at,
        lc1_0.difficulty_level,
        lc1_0.duration_minutes,
        lc1_0.goal_id,
        lc1_0.metadata,
        lc1_0.order_index,
        lc1_0.parent_content_id,
        lc1_0.title,
        lc1_0.updated_at 
    from
        learning_content lc1_0 
    where
        lc1_0.goal_id=? 
        and lc1_0.parent_content_id is null 
    order by
        lc1_0.order_index
Hibernate: 
    select
        lc1_0.content_id,
        lc1_0.content_text,
        lc1_0.content_type,
        lc1_0.content_url,
        lc1_0.created_at,
        lc1_0.difficulty_level,
        lc1_0.duration_minutes,
        lc1_0.goal_id,
        lc1_0.metadata,
        lc1_0.order_index,
        lc1_0.parent_content_id,
        lc1_0.title,
        lc1_0.updated_at 
    from
        learning_content lc1_0 
    where
        lc1_0.goal_id=? 
        and lc1_0.parent_content_id is null 
    order by
        lc1_0.order_index
2026-03-14T21:54:07.192+05:30 DEBUG 20192 --- [skillforge-backend] [nio-8081-exec-7] org.hibernate.SQL                        : 
    select
        lg1_0.goal_id,
        lg1_0.created_at,
        lg1_0.description,
        lg1_0.difficulty_level,
        lg1_0.instructor_id,
        i1_0.user_id,
        i1_0.created_at,
        i1_0.email,
        i1_0.first_name,
        i1_0.is_active,
        i1_0.is_verified,
        i1_0.last_login,
        i1_0.last_name,
        i1_0.password_hash,
        i1_0.profile_picture_url,
        i1_0.role,
        i1_0.updated_at,
        lg1_0.is_published,
        lg1_0.learning_outcomes,
        lg1_0.prerequisites,
        lg1_0.subject,
        lg1_0.title,
        lg1_0.updated_at 
    from
        learning_goals lg1_0 
    join
        users i1_0 
            on i1_0.user_id=lg1_0.instructor_id 
    where
        lg1_0.goal_id=?
Hibernate: 
    select
        lg1_0.goal_id,
        lg1_0.created_at,
        lg1_0.description,
        lg1_0.difficulty_level,
        lg1_0.instructor_id,
        i1_0.user_id,
        i1_0.created_at,
        i1_0.email,
        i1_0.first_name,
        i1_0.is_active,
        i1_0.is_verified,
        i1_0.last_login,
        i1_0.last_name,
        i1_0.password_hash,
        i1_0.profile_picture_url,
        i1_0.role,
        i1_0.updated_at,
        lg1_0.is_published,
        lg1_0.learning_outcomes,
        lg1_0.prerequisites,
        lg1_0.subject,
        lg1_0.title,
        lg1_0.updated_at 
    from
        learning_goals lg1_0 
    join
        users i1_0 
            on i1_0.user_id=lg1_0.instructor_id 
    where
        lg1_0.goal_id=?
2026-03-14T21:54:07.196+05:30 DEBUG 20192 --- [skillforge-backend] [nio-8081-exec-7] o.s.w.s.m.m.a.HttpEntityMethodProcessor  : Using 'application/json', given [application/json, text/plain, */*] and supported [application/json, application/*+json]
2026-03-14T21:54:07.197+05:30 DEBUG 20192 --- [skillforge-backend] [nio-8081-exec-7] org.hibernate.SQL                        : 
    select
        c1_0.goal_id,
        c1_0.content_id,
        c1_0.content_text,
        c1_0.content_type,
        c1_0.content_url,
        c1_0.created_at,
        c1_0.difficulty_level,
        c1_0.duration_minutes,
        c1_0.metadata,
        c1_0.order_index,
        c1_0.parent_content_id,
        c1_0.title,
        c1_0.updated_at 
    from
        learning_content c1_0 
    where
        c1_0.goal_id=?
Hibernate: 
    select
        c1_0.goal_id,
        c1_0.content_id,
        c1_0.content_text,
        c1_0.content_type,
        c1_0.content_url,
        c1_0.created_at,
        c1_0.difficulty_level,
        c1_0.duration_minutes,
        c1_0.metadata,
        c1_0.order_index,
        c1_0.parent_content_id,
        c1_0.title,
        c1_0.updated_at 
    from
        learning_content c1_0 
    where
        c1_0.goal_id=?
2026-03-14T21:54:07.198+05:30 DEBUG 20192 --- [skillforge-backend] [nio-8081-exec-9] o.s.w.s.m.m.a.HttpEntityMethodProcessor  : Using 'application/json', given [application/json, text/plain, */*] and supported [application/json, application/*+json]
2026-03-14T21:54:07.198+05:30 DEBUG 20192 --- [skillforge-backend] [nio-8081-exec-7] org.hibernate.SQL                        : 
    select
        c1_0.goal_id,
        c1_0.content_id,
        c1_0.content_text,
        c1_0.content_type,
        c1_0.content_url,
        c1_0.created_at,
        c1_0.difficulty_level,
        c1_0.duration_minutes,
        c1_0.metadata,
        c1_0.order_index,
        c1_0.parent_content_id,
        c1_0.title,
        c1_0.updated_at 
    from
        learning_content c1_0 
    where
        c1_0.goal_id=?
Hibernate: 
    select
        c1_0.goal_id,
        c1_0.content_id,
        c1_0.content_text,
        c1_0.content_type,
        c1_0.content_url,
        c1_0.created_at,
        c1_0.difficulty_level,
        c1_0.duration_minutes,
        c1_0.metadata,
        c1_0.order_index,
        c1_0.parent_content_id,
        c1_0.title,
        c1_0.updated_at 
    from
        learning_content c1_0 
    where
        c1_0.goal_id=?
2026-03-14T21:54:07.199+05:30 DEBUG 20192 --- [skillforge-backend] [nio-8081-exec-9] org.hibernate.SQL                        : 
    select
        c1_0.goal_id,
        c1_0.content_id,
        c1_0.content_text,
        c1_0.content_type,
        c1_0.content_url,
        c1_0.created_at,
        c1_0.difficulty_level,
        c1_0.duration_minutes,
        c1_0.metadata,
        c1_0.order_index,
        c1_0.parent_content_id,
        c1_0.title,
        c1_0.updated_at 
    from
        learning_content c1_0 
    where
        c1_0.goal_id=?
Hibernate: 
    select
        c1_0.goal_id,
        c1_0.content_id,
        c1_0.content_text,
        c1_0.content_type,
        c1_0.content_url,
        c1_0.created_at,
        c1_0.difficulty_level,
        c1_0.duration_minutes,
        c1_0.metadata,
        c1_0.order_index,
        c1_0.parent_content_id,
        c1_0.title,
        c1_0.updated_at 
    from
        learning_content c1_0 
    where
        c1_0.goal_id=?
2026-03-14T21:54:07.200+05:30 DEBUG 20192 --- [skillforge-backend] [nio-8081-exec-7] org.hibernate.SQL                        : 
    select
        c1_0.goal_id,
        c1_0.content_id,
        c1_0.content_text,
        c1_0.content_type,
        c1_0.content_url,
        c1_0.created_at,
        c1_0.difficulty_level,
        c1_0.duration_minutes,
        c1_0.metadata,
        c1_0.order_index,
        c1_0.parent_content_id,
        c1_0.title,
        c1_0.updated_at 
    from
        learning_content c1_0 
    where
        c1_0.goal_id=?
Hibernate: 
    select
        c1_0.goal_id,
        c1_0.content_id,
        c1_0.content_text,
        c1_0.content_type,
        c1_0.content_url,
        c1_0.created_at,
        c1_0.difficulty_level,
        c1_0.duration_minutes,
        c1_0.metadata,
        c1_0.order_index,
        c1_0.parent_content_id,
        c1_0.title,
        c1_0.updated_at 
    from
        learning_content c1_0 
    where
        c1_0.goal_id=?
2026-03-14T21:54:07.200+05:30 DEBUG 20192 --- [skillforge-backend] [nio-8081-exec-9] org.hibernate.SQL                        : 
    select
        q1_0.exam_id,
        q1_0.question_id,
        q1_0.ai_confidence,
        q1_0.approval_status,
        q1_0.code_snippet,
        q1_0.correct_answer,
        q1_0.created_at,
        q1_0.difficulty,
        q1_0.objective,
        q1_0.optiona,
        q1_0.optionb,
        q1_0.optionc,
        q1_0.optiond,
        q1_0.order_index,
        q1_0.question_text,
        q1_0.question_type,
        q1_0.topic 
    from
        exam_questions q1_0 
    where
        q1_0.exam_id=?
Hibernate: 
    select
        q1_0.exam_id,
        q1_0.question_id,
        q1_0.ai_confidence,
        q1_0.approval_status,
        q1_0.code_snippet,
        q1_0.correct_answer,
        q1_0.created_at,
        q1_0.difficulty,
        q1_0.objective,
        q1_0.optiona,
        q1_0.optionb,
        q1_0.optionc,
        q1_0.optiond,
        q1_0.order_index,
        q1_0.question_text,
        q1_0.question_type,
        q1_0.topic 
    from
        exam_questions q1_0 
    where
        q1_0.exam_id=?
2026-03-14T21:54:07.201+05:30 DEBUG 20192 --- [skillforge-backend] [nio-8081-exec-7] org.hibernate.SQL                        : 
    select
        c1_0.goal_id,
        c1_0.content_id,
        c1_0.content_text,
        c1_0.content_type,
        c1_0.content_url,
        c1_0.created_at,
        c1_0.difficulty_level,
        c1_0.duration_minutes,
        c1_0.metadata,
        c1_0.order_index,
        c1_0.parent_content_id,
        c1_0.title,
        c1_0.updated_at 
    from
        learning_content c1_0 
    where
        c1_0.goal_id=?
Hibernate: 
    select
        c1_0.goal_id,
        c1_0.content_id,
        c1_0.content_text,
        c1_0.content_type,
        c1_0.content_url,
        c1_0.created_at,
        c1_0.difficulty_level,
        c1_0.duration_minutes,
        c1_0.metadata,
        c1_0.order_index,
        c1_0.parent_content_id,
        c1_0.title,
        c1_0.updated_at 
    from
        learning_content c1_0 
    where
        c1_0.goal_id=?
2026-03-14T21:54:07.203+05:30 DEBUG 20192 --- [skillforge-backend] [nio-8081-exec-7] o.s.w.s.m.m.a.HttpEntityMethodProcessor  : Writing [[Enrollment(enrollmentId=ede960d4-964a-4aee-b619-df22ed1aae4b, learner=User(userId=5e5511bd-5ddb-400 (truncated)...]
2026-03-14T21:54:07.205+05:30 DEBUG 20192 --- [skillforge-backend] [nio-8081-exec-7] o.s.web.servlet.DispatcherServlet        : Completed 200 OK
2026-03-14T21:54:07.222+05:30 DEBUG 20192 --- [skillforge-backend] [nio-8081-exec-9] o.s.w.s.m.m.a.HttpEntityMethodProcessor  : Writing [java.lang.StackOverflowError]
2026-03-14T21:54:07.236+05:30 DEBUG 20192 --- [skillforge-backend] [nio-8081-exec-9] o.s.web.servlet.DispatcherServlet        : Completed 200 OK
2026-03-14T21:54:07.239+05:30 DEBUG 20192 --- [skillforge-backend] [io-8081-exec-10] o.s.security.web.FilterChainProxy        : Securing GET /api/learner/goals/1b90cdf5-1221-4648-9220-0c9c06bf1ecb/overview
2026-03-14T21:54:07.242+05:30 DEBUG 20192 --- [skillforge-backend] [io-8081-exec-10] org.hibernate.SQL                        : 
    select
        u1_0.user_id,
        u1_0.created_at,
        u1_0.email,
        u1_0.first_name,
        u1_0.is_active,
        u1_0.is_verified,
        u1_0.last_login,
        u1_0.last_name,
        u1_0.password_hash,
        u1_0.profile_picture_url,
        u1_0.role,
        u1_0.updated_at 
    from
        users u1_0 
    where
        u1_0.email=?
Hibernate: 
    select
        u1_0.user_id,
        u1_0.created_at,
        u1_0.email,
        u1_0.first_name,
        u1_0.is_active,
        u1_0.is_verified,
        u1_0.last_login,
        u1_0.last_name,
        u1_0.password_hash,
        u1_0.profile_picture_url,
        u1_0.role,
        u1_0.updated_at 
    from
        users u1_0 
    where
        u1_0.email=?
2026-03-14T21:54:07.245+05:30 DEBUG 20192 --- [skillforge-backend] [io-8081-exec-10] o.s.security.web.FilterChainProxy        : Secured GET /api/learner/goals/1b90cdf5-1221-4648-9220-0c9c06bf1ecb/overview
2026-03-14T21:54:07.246+05:30 DEBUG 20192 --- [skillforge-backend] [io-8081-exec-10] o.s.web.servlet.DispatcherServlet        : GET "/api/learner/goals/1b90cdf5-1221-4648-9220-0c9c06bf1ecb/overview", parameters={}
2026-03-14T21:54:07.246+05:30 DEBUG 20192 --- [skillforge-backend] [io-8081-exec-10] s.w.s.m.m.a.RequestMappingHandlerMapping : Mapped to com.skillforge.controller.LearnerController#getGoalOverview(UUID, UserPrincipal)
2026-03-14T21:54:07.247+05:30 DEBUG 20192 --- [skillforge-backend] [io-8081-exec-10] horizationManagerBeforeMethodInterceptor : Authorizing method invocation ReflectiveMethodInvocation: public org.springframework.http.ResponseEntity com.skillforge.controller.LearnerController.getGoalOverview(java.util.UUID,com.skillforge.security.UserPrincipal); target is of class [com.skillforge.controller.LearnerController]
2026-03-14T21:54:07.247+05:30 DEBUG 20192 --- [skillforge-backend] [io-8081-exec-10] horizationManagerBeforeMethodInterceptor : Authorized method invocation ReflectiveMethodInvocation: public org.springframework.http.ResponseEntity com.skillforge.controller.LearnerController.getGoalOverview(java.util.UUID,com.skillforge.security.UserPrincipal); target is of class [com.skillforge.controller.LearnerController]
2026-03-14T21:54:07.248+05:30 DEBUG 20192 --- [skillforge-backend] [io-8081-exec-10] org.hibernate.SQL                        : 
    select
        u1_0.user_id,
        u1_0.created_at,
        u1_0.email,
        u1_0.first_name,
        u1_0.is_active,
        u1_0.is_verified,
        u1_0.last_login,
        u1_0.last_name,
        u1_0.password_hash,
        u1_0.profile_picture_url,
        u1_0.role,
        u1_0.updated_at 
    from
        users u1_0 
    where
        u1_0.email=?
Hibernate: 
    select
        u1_0.user_id,
        u1_0.created_at,
        u1_0.email,
        u1_0.first_name,
        u1_0.is_active,
        u1_0.is_verified,
        u1_0.last_login,
        u1_0.last_name,
        u1_0.password_hash,
        u1_0.profile_picture_url,
        u1_0.role,
        u1_0.updated_at 
    from
        users u1_0 
    where
        u1_0.email=?
2026-03-14T21:54:07.250+05:30 DEBUG 20192 --- [skillforge-backend] [io-8081-exec-10] org.hibernate.SQL                        : 
    select
        lg1_0.goal_id,
        lg1_0.created_at,
        lg1_0.description,
        lg1_0.difficulty_level,
        lg1_0.instructor_id,
        i1_0.user_id,
        i1_0.created_at,
        i1_0.email,
        i1_0.first_name,
        i1_0.is_active,
        i1_0.is_verified,
        i1_0.last_login,
        i1_0.last_name,
        i1_0.password_hash,
        i1_0.profile_picture_url,
        i1_0.role,
        i1_0.updated_at,
        lg1_0.is_published,
        lg1_0.learning_outcomes,
        lg1_0.prerequisites,
        lg1_0.subject,
        lg1_0.title,
        lg1_0.updated_at 
    from
        learning_goals lg1_0 
    join
        users i1_0 
            on i1_0.user_id=lg1_0.instructor_id 
    where
        lg1_0.goal_id=?
Hibernate: 
    select
        lg1_0.goal_id,
        lg1_0.created_at,
        lg1_0.description,
        lg1_0.difficulty_level,
        lg1_0.instructor_id,
        i1_0.user_id,
        i1_0.created_at,
        i1_0.email,
        i1_0.first_name,
        i1_0.is_active,
        i1_0.is_verified,
        i1_0.last_login,
        i1_0.last_name,
        i1_0.password_hash,
        i1_0.profile_picture_url,
        i1_0.role,
        i1_0.updated_at,
        lg1_0.is_published,
        lg1_0.learning_outcomes,
        lg1_0.prerequisites,
        lg1_0.subject,
        lg1_0.title,
        lg1_0.updated_at 
    from
        learning_goals lg1_0 
    join
        users i1_0 
            on i1_0.user_id=lg1_0.instructor_id 
    where
        lg1_0.goal_id=?
2026-03-14T21:54:07.252+05:30 DEBUG 20192 --- [skillforge-backend] [io-8081-exec-10] org.hibernate.SQL                        : 
    select
        e1_0.enrollment_id 
    from
        enrollments e1_0 
    where
        e1_0.learner_id=? 
        and e1_0.goal_id=? 
    fetch
        first ? rows only
Hibernate: 
    select
        e1_0.enrollment_id 
    from
        enrollments e1_0 
    where
        e1_0.learner_id=? 
        and e1_0.goal_id=? 
    fetch
        first ? rows only
2026-03-14T21:54:07.255+05:30 DEBUG 20192 --- [skillforge-backend] [io-8081-exec-10] org.hibernate.SQL                        : 
    select
        e1_0.exam_id,
        e1_0.conduct_method,
        e1_0.course_id,
        e1_0.created_at,
        e1_0.description,
        e1_0.duration_minutes,
        e1_0.exam_type,
        e1_0.instructor_id,
        e1_0.learner_owner_id,
        e1_0.learning_goals,
        e1_0.passing_score,
        e1_0.scheduled_date,
        e1_0.source_exam_id,
        e1_0.status,
        e1_0.title,
        e1_0.total_questions,
        e1_0.updated_at 
    from
        exams e1_0 
    left join
        learning_goals c1_0 
            on c1_0.goal_id=e1_0.course_id 
    where
        c1_0.goal_id=?
Hibernate: 
    select
        e1_0.exam_id,
        e1_0.conduct_method,
        e1_0.course_id,
        e1_0.created_at,
        e1_0.description,
        e1_0.duration_minutes,
        e1_0.exam_type,
        e1_0.instructor_id,
        e1_0.learner_owner_id,
        e1_0.learning_goals,
        e1_0.passing_score,
        e1_0.scheduled_date,
        e1_0.source_exam_id,
        e1_0.status,
        e1_0.title,
        e1_0.total_questions,
        e1_0.updated_at 
    from
        exams e1_0 
    left join
        learning_goals c1_0 
            on c1_0.goal_id=e1_0.course_id 
    where
        c1_0.goal_id=?
2026-03-14T21:54:07.258+05:30 DEBUG 20192 --- [skillforge-backend] [io-8081-exec-10] org.hibernate.SQL                        : 
    select
        lc1_0.content_id,
        lc1_0.content_text,
        lc1_0.content_type,
        lc1_0.content_url,
        lc1_0.created_at,
        lc1_0.difficulty_level,
        lc1_0.duration_minutes,
        lc1_0.goal_id,
        lc1_0.metadata,
        lc1_0.order_index,
        lc1_0.parent_content_id,
        lc1_0.title,
        lc1_0.updated_at 
    from
        learning_content lc1_0 
    where
        lc1_0.goal_id=? 
        and lc1_0.parent_content_id is null 
    order by
        lc1_0.order_index
Hibernate: 
    select
        lc1_0.content_id,
        lc1_0.content_text,
        lc1_0.content_type,
        lc1_0.content_url,
        lc1_0.created_at,
        lc1_0.difficulty_level,
        lc1_0.duration_minutes,
        lc1_0.goal_id,
        lc1_0.metadata,
        lc1_0.order_index,
        lc1_0.parent_content_id,
        lc1_0.title,
        lc1_0.updated_at 
    from
        learning_content lc1_0 
    where
        lc1_0.goal_id=? 
        and lc1_0.parent_content_id is null 
    order by
        lc1_0.order_index
2026-03-14T21:54:07.260+05:30 DEBUG 20192 --- [skillforge-backend] [io-8081-exec-10] o.s.w.s.m.m.a.HttpEntityMethodProcessor  : Using 'application/json', given [application/json, text/plain, */*] and supported [application/json, application/*+json]
2026-03-14T21:54:07.261+05:30 DEBUG 20192 --- [skillforge-backend] [io-8081-exec-10] org.hibernate.SQL                        : 
    select
        c1_0.goal_id,
        c1_0.content_id,
        c1_0.content_text,
        c1_0.content_type,
        c1_0.content_url,
        c1_0.created_at,
        c1_0.difficulty_level,
        c1_0.duration_minutes,
        c1_0.metadata,
        c1_0.order_index,
        c1_0.parent_content_id,
        c1_0.title,
        c1_0.updated_at 
    from
        learning_content c1_0 
    where
        c1_0.goal_id=?
Hibernate: 
    select
        c1_0.goal_id,
        c1_0.content_id,
        c1_0.content_text,
        c1_0.content_type,
        c1_0.content_url,
        c1_0.created_at,
        c1_0.difficulty_level,
        c1_0.duration_minutes,
        c1_0.metadata,
        c1_0.order_index,
        c1_0.parent_content_id,
        c1_0.title,
        c1_0.updated_at 
    from
        learning_content c1_0 
    where
        c1_0.goal_id=?
2026-03-14T21:54:07.262+05:30 DEBUG 20192 --- [skillforge-backend] [io-8081-exec-10] org.hibernate.SQL                        : 
    select
        q1_0.exam_id,
        q1_0.question_id,
        q1_0.ai_confidence,
        q1_0.approval_status,
        q1_0.code_snippet,
        q1_0.correct_answer,
        q1_0.created_at,
        q1_0.difficulty,
        q1_0.objective,
        q1_0.optiona,
        q1_0.optionb,
        q1_0.optionc,
        q1_0.optiond,
        q1_0.order_index,
        q1_0.question_text,
        q1_0.question_type,
        q1_0.topic 
    from
        exam_questions q1_0 
    where
        q1_0.exam_id=?
Hibernate: 
    select
        q1_0.exam_id,
        q1_0.question_id,
        q1_0.ai_confidence,
        q1_0.approval_status,
        q1_0.code_snippet,
        q1_0.correct_answer,
        q1_0.created_at,
        q1_0.difficulty,
        q1_0.objective,
        q1_0.optiona,
        q1_0.optionb,
        q1_0.optionc,
        q1_0.optiond,
        q1_0.order_index,
        q1_0.question_text,
        q1_0.question_type,
        q1_0.topic 
    from
        exam_questions q1_0 
    where
        q1_0.exam_id=?
2026-03-14T21:54:07.270+05:30 DEBUG 20192 --- [skillforge-backend] [io-8081-exec-10] o.s.w.s.m.m.a.HttpEntityMethodProcessor  : Writing [java.lang.StackOverflowError]
2026-03-14T21:54:07.272+05:30 DEBUG 20192 --- [skillforge-backend] [io-8081-exec-10] o.s.web.servlet.DispatcherServlet        : Completed 200 OK
2026-03-14T21:54:12.366+05:30 DEBUG 20192 --- [skillforge-backend] [nio-8081-exec-1] o.s.security.web.FilterChainProxy        : Securing OPTIONS /api/learner/enrollments
2026-03-14T21:54:12.366+05:30 DEBUG 20192 --- [skillforge-backend] [nio-8081-exec-3] o.s.security.web.FilterChainProxy        : Securing OPTIONS /api/learner/enrollments
2026-03-14T21:54:12.373+05:30 DEBUG 20192 --- [skillforge-backend] [nio-8081-exec-2] o.s.security.web.FilterChainProxy        : Securing GET /api/learner/enrollments
2026-03-14T21:54:12.377+05:30 DEBUG 20192 --- [skillforge-backend] [nio-8081-exec-2] org.hibernate.SQL                        : 
    select
        u1_0.user_id,
        u1_0.created_at,
        u1_0.email,
        u1_0.first_name,
        u1_0.is_active,
        u1_0.is_verified,
        u1_0.last_login,
        u1_0.last_name,
        u1_0.password_hash,
        u1_0.profile_picture_url,
        u1_0.role,
        u1_0.updated_at 
    from
        users u1_0 
    where
        u1_0.email=?
Hibernate: 
    select
        u1_0.user_id,
        u1_0.created_at,
        u1_0.email,
        u1_0.first_name,
        u1_0.is_active,
        u1_0.is_verified,
        u1_0.last_login,
        u1_0.last_name,
        u1_0.password_hash,
        u1_0.profile_picture_url,
        u1_0.role,
        u1_0.updated_at 
    from
        users u1_0 
    where
        u1_0.email=?
2026-03-14T21:54:12.381+05:30 DEBUG 20192 --- [skillforge-backend] [nio-8081-exec-2] o.s.security.web.FilterChainProxy        : Secured GET /api/learner/enrollments
2026-03-14T21:54:12.381+05:30 DEBUG 20192 --- [skillforge-backend] [nio-8081-exec-2] o.s.web.servlet.DispatcherServlet        : GET "/api/learner/enrollments", parameters={}
2026-03-14T21:54:12.382+05:30 DEBUG 20192 --- [skillforge-backend] [nio-8081-exec-2] s.w.s.m.m.a.RequestMappingHandlerMapping : Mapped to com.skillforge.controller.LearnerController#getMyEnrollments(UserPrincipal)
2026-03-14T21:54:12.383+05:30 DEBUG 20192 --- [skillforge-backend] [nio-8081-exec-2] horizationManagerBeforeMethodInterceptor : Authorizing method invocation ReflectiveMethodInvocation: public org.springframework.http.ResponseEntity com.skillforge.controller.LearnerController.getMyEnrollments(com.skillforge.security.UserPrincipal); target is of class [com.skillforge.controller.LearnerController]
2026-03-14T21:54:12.384+05:30 DEBUG 20192 --- [skillforge-backend] [nio-8081-exec-2] horizationManagerBeforeMethodInterceptor : Authorized method invocation ReflectiveMethodInvocation: public org.springframework.http.ResponseEntity com.skillforge.controller.LearnerController.getMyEnrollments(com.skillforge.security.UserPrincipal); target is of class [com.skillforge.controller.LearnerController]
2026-03-14T21:54:12.386+05:30 DEBUG 20192 --- [skillforge-backend] [nio-8081-exec-2] org.hibernate.SQL                        : 
    select
        u1_0.user_id,
        u1_0.created_at,
        u1_0.email,
        u1_0.first_name,
        u1_0.is_active,
        u1_0.is_verified,
        u1_0.last_login,
        u1_0.last_name,
        u1_0.password_hash,
        u1_0.profile_picture_url,
        u1_0.role,
        u1_0.updated_at 
    from
        users u1_0 
    where
        u1_0.email=?
Hibernate: 
    select
        u1_0.user_id,
        u1_0.created_at,
        u1_0.email,
        u1_0.first_name,
        u1_0.is_active,
        u1_0.is_verified,
        u1_0.last_login,
        u1_0.last_name,
        u1_0.password_hash,
        u1_0.profile_picture_url,
        u1_0.role,
        u1_0.updated_at 
    from
        users u1_0 
    where
        u1_0.email=?
2026-03-14T21:54:12.389+05:30 DEBUG 20192 --- [skillforge-backend] [nio-8081-exec-2] org.hibernate.SQL                        : 
    select
        e1_0.enrollment_id,
        e1_0.completed_at,
        e1_0.enrolled_at,
        e1_0.goal_id,
        e1_0.last_accessed,
        e1_0.learner_id,
        e1_0.progress_percentage,
        e1_0.status 
    from
        enrollments e1_0 
    where
        e1_0.learner_id=?
Hibernate: 
    select
        e1_0.enrollment_id,
        e1_0.completed_at,
        e1_0.enrolled_at,
        e1_0.goal_id,
        e1_0.last_accessed,
        e1_0.learner_id,
        e1_0.progress_percentage,
        e1_0.status 
    from
        enrollments e1_0 
    where
        e1_0.learner_id=?
2026-03-14T21:54:12.391+05:30 DEBUG 20192 --- [skillforge-backend] [nio-8081-exec-2] org.hibernate.SQL                        : 
    select
        lg1_0.goal_id,
        lg1_0.created_at,
        lg1_0.description,
        lg1_0.difficulty_level,
        lg1_0.instructor_id,
        i1_0.user_id,
        i1_0.created_at,
        i1_0.email,
        i1_0.first_name,
        i1_0.is_active,
        i1_0.is_verified,
        i1_0.last_login,
        i1_0.last_name,
        i1_0.password_hash,
        i1_0.profile_picture_url,
        i1_0.role,
        i1_0.updated_at,
        lg1_0.is_published,
        lg1_0.learning_outcomes,
        lg1_0.prerequisites,
        lg1_0.subject,
        lg1_0.title,
        lg1_0.updated_at 
    from
        learning_goals lg1_0 
    join
        users i1_0 
            on i1_0.user_id=lg1_0.instructor_id 
    where
        lg1_0.goal_id=?
Hibernate: 
    select
        lg1_0.goal_id,
        lg1_0.created_at,
        lg1_0.description,
        lg1_0.difficulty_level,
        lg1_0.instructor_id,
        i1_0.user_id,
        i1_0.created_at,
        i1_0.email,
        i1_0.first_name,
        i1_0.is_active,
        i1_0.is_verified,
        i1_0.last_login,
        i1_0.last_name,
        i1_0.password_hash,
        i1_0.profile_picture_url,
        i1_0.role,
        i1_0.updated_at,
        lg1_0.is_published,
        lg1_0.learning_outcomes,
        lg1_0.prerequisites,
        lg1_0.subject,
        lg1_0.title,
        lg1_0.updated_at 
    from
        learning_goals lg1_0 
    join
        users i1_0 
            on i1_0.user_id=lg1_0.instructor_id 
    where
        lg1_0.goal_id=?
2026-03-14T21:54:12.393+05:30 DEBUG 20192 --- [skillforge-backend] [nio-8081-exec-2] org.hibernate.SQL                        : 
    select
        lg1_0.goal_id,
        lg1_0.created_at,
        lg1_0.description,
        lg1_0.difficulty_level,
        lg1_0.instructor_id,
        i1_0.user_id,
        i1_0.created_at,
        i1_0.email,
        i1_0.first_name,
        i1_0.is_active,
        i1_0.is_verified,
        i1_0.last_login,
        i1_0.last_name,
        i1_0.password_hash,
        i1_0.profile_picture_url,
        i1_0.role,
        i1_0.updated_at,
        lg1_0.is_published,
        lg1_0.learning_outcomes,
        lg1_0.prerequisites,
        lg1_0.subject,
        lg1_0.title,
        lg1_0.updated_at 
    from
        learning_goals lg1_0 
    join
        users i1_0 
            on i1_0.user_id=lg1_0.instructor_id 
    where
        lg1_0.goal_id=?
Hibernate: 
    select
        lg1_0.goal_id,
        lg1_0.created_at,
        lg1_0.description,
        lg1_0.difficulty_level,
        lg1_0.instructor_id,
        i1_0.user_id,
        i1_0.created_at,
        i1_0.email,
        i1_0.first_name,
        i1_0.is_active,
        i1_0.is_verified,
        i1_0.last_login,
        i1_0.last_name,
        i1_0.password_hash,
        i1_0.profile_picture_url,
        i1_0.role,
        i1_0.updated_at,
        lg1_0.is_published,
        lg1_0.learning_outcomes,
        lg1_0.prerequisites,
        lg1_0.subject,
        lg1_0.title,
        lg1_0.updated_at 
    from
        learning_goals lg1_0 
    join
        users i1_0 
            on i1_0.user_id=lg1_0.instructor_id 
    where
        lg1_0.goal_id=?
2026-03-14T21:54:12.395+05:30 DEBUG 20192 --- [skillforge-backend] [nio-8081-exec-2] org.hibernate.SQL                        : 
    select
        lg1_0.goal_id,
        lg1_0.created_at,
        lg1_0.description,
        lg1_0.difficulty_level,
        lg1_0.instructor_id,
        i1_0.user_id,
        i1_0.created_at,
        i1_0.email,
        i1_0.first_name,
        i1_0.is_active,
        i1_0.is_verified,
        i1_0.last_login,
        i1_0.last_name,
        i1_0.password_hash,
        i1_0.profile_picture_url,
        i1_0.role,
        i1_0.updated_at,
        lg1_0.is_published,
        lg1_0.learning_outcomes,
        lg1_0.prerequisites,
        lg1_0.subject,
        lg1_0.title,
        lg1_0.updated_at 
    from
        learning_goals lg1_0 
    join
        users i1_0 
            on i1_0.user_id=lg1_0.instructor_id 
    where
        lg1_0.goal_id=?
Hibernate: 
    select
        lg1_0.goal_id,
        lg1_0.created_at,
        lg1_0.description,
        lg1_0.difficulty_level,
        lg1_0.instructor_id,
        i1_0.user_id,
        i1_0.created_at,
        i1_0.email,
        i1_0.first_name,
        i1_0.is_active,
        i1_0.is_verified,
        i1_0.last_login,
        i1_0.last_name,
        i1_0.password_hash,
        i1_0.profile_picture_url,
        i1_0.role,
        i1_0.updated_at,
        lg1_0.is_published,
        lg1_0.learning_outcomes,
        lg1_0.prerequisites,
        lg1_0.subject,
        lg1_0.title,
        lg1_0.updated_at 
    from
        learning_goals lg1_0 
    join
        users i1_0 
            on i1_0.user_id=lg1_0.instructor_id 
    where
        lg1_0.goal_id=?
2026-03-14T21:54:12.398+05:30 DEBUG 20192 --- [skillforge-backend] [nio-8081-exec-2] org.hibernate.SQL                        : 
    select
        lg1_0.goal_id,
        lg1_0.created_at,
        lg1_0.description,
        lg1_0.difficulty_level,
        lg1_0.instructor_id,
        i1_0.user_id,
        i1_0.created_at,
        i1_0.email,
        i1_0.first_name,
        i1_0.is_active,
        i1_0.is_verified,
        i1_0.last_login,
        i1_0.last_name,
        i1_0.password_hash,
        i1_0.profile_picture_url,
        i1_0.role,
        i1_0.updated_at,
        lg1_0.is_published,
        lg1_0.learning_outcomes,
        lg1_0.prerequisites,
        lg1_0.subject,
        lg1_0.title,
        lg1_0.updated_at 
    from
        learning_goals lg1_0 
    join
        users i1_0 
            on i1_0.user_id=lg1_0.instructor_id 
    where
        lg1_0.goal_id=?
Hibernate: 
    select
        lg1_0.goal_id,
        lg1_0.created_at,
        lg1_0.description,
        lg1_0.difficulty_level,
        lg1_0.instructor_id,
        i1_0.user_id,
        i1_0.created_at,
        i1_0.email,
        i1_0.first_name,
        i1_0.is_active,
        i1_0.is_verified,
        i1_0.last_login,
        i1_0.last_name,
        i1_0.password_hash,
        i1_0.profile_picture_url,
        i1_0.role,
        i1_0.updated_at,
        lg1_0.is_published,
        lg1_0.learning_outcomes,
        lg1_0.prerequisites,
        lg1_0.subject,
        lg1_0.title,
        lg1_0.updated_at 
    from
        learning_goals lg1_0 
    join
        users i1_0 
            on i1_0.user_id=lg1_0.instructor_id 
    where
        lg1_0.goal_id=?
2026-03-14T21:54:12.403+05:30 DEBUG 20192 --- [skillforge-backend] [nio-8081-exec-2] o.s.w.s.m.m.a.HttpEntityMethodProcessor  : Using 'application/json', given [application/json, text/plain, */*] and supported [application/json, application/*+json]
2026-03-14T21:54:12.404+05:30 DEBUG 20192 --- [skillforge-backend] [nio-8081-exec-2] org.hibernate.SQL                        : 
    select
        c1_0.goal_id,
        c1_0.content_id,
        c1_0.content_text,
        c1_0.content_type,
        c1_0.content_url,
        c1_0.created_at,
        c1_0.difficulty_level,
        c1_0.duration_minutes,
        c1_0.metadata,
        c1_0.order_index,
        c1_0.parent_content_id,
        c1_0.title,
        c1_0.updated_at 
    from
        learning_content c1_0 
    where
        c1_0.goal_id=?
Hibernate: 
    select
        c1_0.goal_id,
        c1_0.content_id,
        c1_0.content_text,
        c1_0.content_type,
        c1_0.content_url,
        c1_0.created_at,
        c1_0.difficulty_level,
        c1_0.duration_minutes,
        c1_0.metadata,
        c1_0.order_index,
        c1_0.parent_content_id,
        c1_0.title,
        c1_0.updated_at 
    from
        learning_content c1_0 
    where
        c1_0.goal_id=?
2026-03-14T21:54:12.406+05:30 DEBUG 20192 --- [skillforge-backend] [nio-8081-exec-2] org.hibernate.SQL                        : 
    select
        c1_0.goal_id,
        c1_0.content_id,
        c1_0.content_text,
        c1_0.content_type,
        c1_0.content_url,
        c1_0.created_at,
        c1_0.difficulty_level,
        c1_0.duration_minutes,
        c1_0.metadata,
        c1_0.order_index,
        c1_0.parent_content_id,
        c1_0.title,
        c1_0.updated_at 
    from
        learning_content c1_0 
    where
        c1_0.goal_id=?
Hibernate: 
    select
        c1_0.goal_id,
        c1_0.content_id,
        c1_0.content_text,
        c1_0.content_type,
        c1_0.content_url,
        c1_0.created_at,
        c1_0.difficulty_level,
        c1_0.duration_minutes,
        c1_0.metadata,
        c1_0.order_index,
        c1_0.parent_content_id,
        c1_0.title,
        c1_0.updated_at 
    from
        learning_content c1_0 
    where
        c1_0.goal_id=?
2026-03-14T21:54:12.407+05:30 DEBUG 20192 --- [skillforge-backend] [nio-8081-exec-2] org.hibernate.SQL                        : 
    select
        c1_0.goal_id,
        c1_0.content_id,
        c1_0.content_text,
        c1_0.content_type,
        c1_0.content_url,
        c1_0.created_at,
        c1_0.difficulty_level,
        c1_0.duration_minutes,
        c1_0.metadata,
        c1_0.order_index,
        c1_0.parent_content_id,
        c1_0.title,
        c1_0.updated_at 
    from
        learning_content c1_0 
    where
        c1_0.goal_id=?
Hibernate: 
    select
        c1_0.goal_id,
        c1_0.content_id,
        c1_0.content_text,
        c1_0.content_type,
        c1_0.content_url,
        c1_0.created_at,
        c1_0.difficulty_level,
        c1_0.duration_minutes,
        c1_0.metadata,
        c1_0.order_index,
        c1_0.parent_content_id,
        c1_0.title,
        c1_0.updated_at 
    from
        learning_content c1_0 
    where
        c1_0.goal_id=?
2026-03-14T21:54:12.409+05:30 DEBUG 20192 --- [skillforge-backend] [nio-8081-exec-2] org.hibernate.SQL                        : 
    select
        c1_0.goal_id,
        c1_0.content_id,
        c1_0.content_text,
        c1_0.content_type,
        c1_0.content_url,
        c1_0.created_at,
        c1_0.difficulty_level,
        c1_0.duration_minutes,
        c1_0.metadata,
        c1_0.order_index,
        c1_0.parent_content_id,
        c1_0.title,
        c1_0.updated_at 
    from
        learning_content c1_0 
    where
        c1_0.goal_id=?
Hibernate: 
    select
        c1_0.goal_id,
        c1_0.content_id,
        c1_0.content_text,
        c1_0.content_type,
        c1_0.content_url,
        c1_0.created_at,
        c1_0.difficulty_level,
        c1_0.duration_minutes,
        c1_0.metadata,
        c1_0.order_index,
        c1_0.parent_content_id,
        c1_0.title,
        c1_0.updated_at 
    from
        learning_content c1_0 
    where
        c1_0.goal_id=?
2026-03-14T21:54:12.410+05:30 DEBUG 20192 --- [skillforge-backend] [nio-8081-exec-2] o.s.w.s.m.m.a.HttpEntityMethodProcessor  : Writing [[Enrollment(enrollmentId=ede960d4-964a-4aee-b619-df22ed1aae4b, learner=User(userId=5e5511bd-5ddb-400 (truncated)...]
2026-03-14T21:54:12.412+05:30 DEBUG 20192 --- [skillforge-backend] [nio-8081-exec-2] o.s.web.servlet.DispatcherServlet        : Completed 200 OK
2026-03-14T21:54:12.413+05:30 DEBUG 20192 --- [skillforge-backend] [nio-8081-exec-5] o.s.security.web.FilterChainProxy        : Securing GET /api/learner/enrollments
2026-03-14T21:54:12.418+05:30 DEBUG 20192 --- [skillforge-backend] [nio-8081-exec-5] org.hibernate.SQL                        : 
    select
        u1_0.user_id,
        u1_0.created_at,
        u1_0.email,
        u1_0.first_name,
        u1_0.is_active,
        u1_0.is_verified,
        u1_0.last_login,
        u1_0.last_name,
        u1_0.password_hash,
        u1_0.profile_picture_url,
        u1_0.role,
        u1_0.updated_at 
    from
        users u1_0 
    where
        u1_0.email=?
Hibernate: 
    select
        u1_0.user_id,
        u1_0.created_at,
        u1_0.email,
        u1_0.first_name,
        u1_0.is_active,
        u1_0.is_verified,
        u1_0.last_login,
        u1_0.last_name,
        u1_0.password_hash,
        u1_0.profile_picture_url,
        u1_0.role,
        u1_0.updated_at 
    from
        users u1_0 
    where
        u1_0.email=?
2026-03-14T21:54:12.421+05:30 DEBUG 20192 --- [skillforge-backend] [nio-8081-exec-5] o.s.security.web.FilterChainProxy        : Secured GET /api/learner/enrollments
2026-03-14T21:54:12.422+05:30 DEBUG 20192 --- [skillforge-backend] [nio-8081-exec-5] o.s.web.servlet.DispatcherServlet        : GET "/api/learner/enrollments", parameters={}
2026-03-14T21:54:12.422+05:30 DEBUG 20192 --- [skillforge-backend] [nio-8081-exec-5] s.w.s.m.m.a.RequestMappingHandlerMapping : Mapped to com.skillforge.controller.LearnerController#getMyEnrollments(UserPrincipal)
2026-03-14T21:54:12.422+05:30 DEBUG 20192 --- [skillforge-backend] [nio-8081-exec-5] horizationManagerBeforeMethodInterceptor : Authorizing method invocation ReflectiveMethodInvocation: public org.springframework.http.ResponseEntity com.skillforge.controller.LearnerController.getMyEnrollments(com.skillforge.security.UserPrincipal); target is of class [com.skillforge.controller.LearnerController]
2026-03-14T21:54:12.423+05:30 DEBUG 20192 --- [skillforge-backend] [nio-8081-exec-5] horizationManagerBeforeMethodInterceptor : Authorized method invocation ReflectiveMethodInvocation: public org.springframework.http.ResponseEntity com.skillforge.controller.LearnerController.getMyEnrollments(com.skillforge.security.UserPrincipal); target is of class [com.skillforge.controller.LearnerController]
2026-03-14T21:54:12.424+05:30 DEBUG 20192 --- [skillforge-backend] [nio-8081-exec-5] org.hibernate.SQL                        : 
    select
        u1_0.user_id,
        u1_0.created_at,
        u1_0.email,
        u1_0.first_name,
        u1_0.is_active,
        u1_0.is_verified,
        u1_0.last_login,
        u1_0.last_name,
        u1_0.password_hash,
        u1_0.profile_picture_url,
        u1_0.role,
        u1_0.updated_at 
    from
        users u1_0 
    where
        u1_0.email=?
Hibernate: 
    select
        u1_0.user_id,
        u1_0.created_at,
        u1_0.email,
        u1_0.first_name,
        u1_0.is_active,
        u1_0.is_verified,
        u1_0.last_login,
        u1_0.last_name,
        u1_0.password_hash,
        u1_0.profile_picture_url,
        u1_0.role,
        u1_0.updated_at 
    from
        users u1_0 
    where
        u1_0.email=?
2026-03-14T21:54:12.428+05:30 DEBUG 20192 --- [skillforge-backend] [nio-8081-exec-5] org.hibernate.SQL                        : 
    select
        e1_0.enrollment_id,
        e1_0.completed_at,
        e1_0.enrolled_at,
        e1_0.goal_id,
        e1_0.last_accessed,
        e1_0.learner_id,
        e1_0.progress_percentage,
        e1_0.status 
    from
        enrollments e1_0 
    where
        e1_0.learner_id=?
Hibernate: 
    select
        e1_0.enrollment_id,
        e1_0.completed_at,
        e1_0.enrolled_at,
        e1_0.goal_id,
        e1_0.last_accessed,
        e1_0.learner_id,
        e1_0.progress_percentage,
        e1_0.status 
    from
        enrollments e1_0 
    where
        e1_0.learner_id=?
2026-03-14T21:54:12.430+05:30 DEBUG 20192 --- [skillforge-backend] [nio-8081-exec-5] org.hibernate.SQL                        : 
    select
        lg1_0.goal_id,
        lg1_0.created_at,
        lg1_0.description,
        lg1_0.difficulty_level,
        lg1_0.instructor_id,
        i1_0.user_id,
        i1_0.created_at,
        i1_0.email,
        i1_0.first_name,
        i1_0.is_active,
        i1_0.is_verified,
        i1_0.last_login,
        i1_0.last_name,
        i1_0.password_hash,
        i1_0.profile_picture_url,
        i1_0.role,
        i1_0.updated_at,
        lg1_0.is_published,
        lg1_0.learning_outcomes,
        lg1_0.prerequisites,
        lg1_0.subject,
        lg1_0.title,
        lg1_0.updated_at 
    from
        learning_goals lg1_0 
    join
        users i1_0 
            on i1_0.user_id=lg1_0.instructor_id 
    where
        lg1_0.goal_id=?
Hibernate: 
    select
        lg1_0.goal_id,
        lg1_0.created_at,
        lg1_0.description,
        lg1_0.difficulty_level,
        lg1_0.instructor_id,
        i1_0.user_id,
        i1_0.created_at,
        i1_0.email,
        i1_0.first_name,
        i1_0.is_active,
        i1_0.is_verified,
        i1_0.last_login,
        i1_0.last_name,
        i1_0.password_hash,
        i1_0.profile_picture_url,
        i1_0.role,
        i1_0.updated_at,
        lg1_0.is_published,
        lg1_0.learning_outcomes,
        lg1_0.prerequisites,
        lg1_0.subject,
        lg1_0.title,
        lg1_0.updated_at 
    from
        learning_goals lg1_0 
    join
        users i1_0 
            on i1_0.user_id=lg1_0.instructor_id 
    where
        lg1_0.goal_id=?
2026-03-14T21:54:12.431+05:30 DEBUG 20192 --- [skillforge-backend] [nio-8081-exec-5] org.hibernate.SQL                        : 
    select
        lg1_0.goal_id,
        lg1_0.created_at,
        lg1_0.description,
        lg1_0.difficulty_level,
        lg1_0.instructor_id,
        i1_0.user_id,
        i1_0.created_at,
        i1_0.email,
        i1_0.first_name,
        i1_0.is_active,
        i1_0.is_verified,
        i1_0.last_login,
        i1_0.last_name,
        i1_0.password_hash,
        i1_0.profile_picture_url,
        i1_0.role,
        i1_0.updated_at,
        lg1_0.is_published,
        lg1_0.learning_outcomes,
        lg1_0.prerequisites,
        lg1_0.subject,
        lg1_0.title,
        lg1_0.updated_at 
    from
        learning_goals lg1_0 
    join
        users i1_0 
            on i1_0.user_id=lg1_0.instructor_id 
    where
        lg1_0.goal_id=?
Hibernate: 
    select
        lg1_0.goal_id,
        lg1_0.created_at,
        lg1_0.description,
        lg1_0.difficulty_level,
        lg1_0.instructor_id,
        i1_0.user_id,
        i1_0.created_at,
        i1_0.email,
        i1_0.first_name,
        i1_0.is_active,
        i1_0.is_verified,
        i1_0.last_login,
        i1_0.last_name,
        i1_0.password_hash,
        i1_0.profile_picture_url,
        i1_0.role,
        i1_0.updated_at,
        lg1_0.is_published,
        lg1_0.learning_outcomes,
        lg1_0.prerequisites,
        lg1_0.subject,
        lg1_0.title,
        lg1_0.updated_at 
    from
        learning_goals lg1_0 
    join
        users i1_0 
            on i1_0.user_id=lg1_0.instructor_id 
    where
        lg1_0.goal_id=?
2026-03-14T21:54:12.435+05:30 DEBUG 20192 --- [skillforge-backend] [nio-8081-exec-5] org.hibernate.SQL                        : 
    select
        lg1_0.goal_id,
        lg1_0.created_at,
        lg1_0.description,
        lg1_0.difficulty_level,
        lg1_0.instructor_id,
        i1_0.user_id,
        i1_0.created_at,
        i1_0.email,
        i1_0.first_name,
        i1_0.is_active,
        i1_0.is_verified,
        i1_0.last_login,
        i1_0.last_name,
        i1_0.password_hash,
        i1_0.profile_picture_url,
        i1_0.role,
        i1_0.updated_at,
        lg1_0.is_published,
        lg1_0.learning_outcomes,
        lg1_0.prerequisites,
        lg1_0.subject,
        lg1_0.title,
        lg1_0.updated_at 
    from
        learning_goals lg1_0 
    join
        users i1_0 
            on i1_0.user_id=lg1_0.instructor_id 
    where
        lg1_0.goal_id=?
Hibernate: 
    select
        lg1_0.goal_id,
        lg1_0.created_at,
        lg1_0.description,
        lg1_0.difficulty_level,
        lg1_0.instructor_id,
        i1_0.user_id,
        i1_0.created_at,
        i1_0.email,
        i1_0.first_name,
        i1_0.is_active,
        i1_0.is_verified,
        i1_0.last_login,
        i1_0.last_name,
        i1_0.password_hash,
        i1_0.profile_picture_url,
        i1_0.role,
        i1_0.updated_at,
        lg1_0.is_published,
        lg1_0.learning_outcomes,
        lg1_0.prerequisites,
        lg1_0.subject,
        lg1_0.title,
        lg1_0.updated_at 
    from
        learning_goals lg1_0 
    join
        users i1_0 
            on i1_0.user_id=lg1_0.instructor_id 
    where
        lg1_0.goal_id=?
2026-03-14T21:54:12.437+05:30 DEBUG 20192 --- [skillforge-backend] [nio-8081-exec-5] org.hibernate.SQL                        : 
    select
        lg1_0.goal_id,
        lg1_0.created_at,
        lg1_0.description,
        lg1_0.difficulty_level,
        lg1_0.instructor_id,
        i1_0.user_id,
        i1_0.created_at,
        i1_0.email,
        i1_0.first_name,
        i1_0.is_active,
        i1_0.is_verified,
        i1_0.last_login,
        i1_0.last_name,
        i1_0.password_hash,
        i1_0.profile_picture_url,
        i1_0.role,
        i1_0.updated_at,
        lg1_0.is_published,
        lg1_0.learning_outcomes,
        lg1_0.prerequisites,
        lg1_0.subject,
        lg1_0.title,
        lg1_0.updated_at 
    from
        learning_goals lg1_0 
    join
        users i1_0 
            on i1_0.user_id=lg1_0.instructor_id 
    where
        lg1_0.goal_id=?
Hibernate: 
    select
        lg1_0.goal_id,
        lg1_0.created_at,
        lg1_0.description,
        lg1_0.difficulty_level,
        lg1_0.instructor_id,
        i1_0.user_id,
        i1_0.created_at,
        i1_0.email,
        i1_0.first_name,
        i1_0.is_active,
        i1_0.is_verified,
        i1_0.last_login,
        i1_0.last_name,
        i1_0.password_hash,
        i1_0.profile_picture_url,
        i1_0.role,
        i1_0.updated_at,
        lg1_0.is_published,
        lg1_0.learning_outcomes,
        lg1_0.prerequisites,
        lg1_0.subject,
        lg1_0.title,
        lg1_0.updated_at 
    from
        learning_goals lg1_0 
    join
        users i1_0 
            on i1_0.user_id=lg1_0.instructor_id 
    where
        lg1_0.goal_id=?
2026-03-14T21:54:12.439+05:30 DEBUG 20192 --- [skillforge-backend] [nio-8081-exec-5] o.s.w.s.m.m.a.HttpEntityMethodProcessor  : Using 'application/json', given [application/json, text/plain, */*] and supported [application/json, application/*+json]
2026-03-14T21:54:12.440+05:30 DEBUG 20192 --- [skillforge-backend] [nio-8081-exec-5] org.hibernate.SQL                        : 
    select
        c1_0.goal_id,
        c1_0.content_id,
        c1_0.content_text,
        c1_0.content_type,
        c1_0.content_url,
        c1_0.created_at,
        c1_0.difficulty_level,
        c1_0.duration_minutes,
        c1_0.metadata,
        c1_0.order_index,
        c1_0.parent_content_id,
        c1_0.title,
        c1_0.updated_at 
    from
        learning_content c1_0 
    where
        c1_0.goal_id=?
Hibernate: 
    select
        c1_0.goal_id,
        c1_0.content_id,
        c1_0.content_text,
        c1_0.content_type,
        c1_0.content_url,
        c1_0.created_at,
        c1_0.difficulty_level,
        c1_0.duration_minutes,
        c1_0.metadata,
        c1_0.order_index,
        c1_0.parent_content_id,
        c1_0.title,
        c1_0.updated_at 
    from
        learning_content c1_0 
    where
        c1_0.goal_id=?
2026-03-14T21:54:12.442+05:30 DEBUG 20192 --- [skillforge-backend] [nio-8081-exec-5] org.hibernate.SQL                        : 
    select
        c1_0.goal_id,
        c1_0.content_id,
        c1_0.content_text,
        c1_0.content_type,
        c1_0.content_url,
        c1_0.created_at,
        c1_0.difficulty_level,
        c1_0.duration_minutes,
        c1_0.metadata,
        c1_0.order_index,
        c1_0.parent_content_id,
        c1_0.title,
        c1_0.updated_at 
    from
        learning_content c1_0 
    where
        c1_0.goal_id=?
Hibernate: 
    select
        c1_0.goal_id,
        c1_0.content_id,
        c1_0.content_text,
        c1_0.content_type,
        c1_0.content_url,
        c1_0.created_at,
        c1_0.difficulty_level,
        c1_0.duration_minutes,
        c1_0.metadata,
        c1_0.order_index,
        c1_0.parent_content_id,
        c1_0.title,
        c1_0.updated_at 
    from
        learning_content c1_0 
    where
        c1_0.goal_id=?
2026-03-14T21:54:12.446+05:30 DEBUG 20192 --- [skillforge-backend] [nio-8081-exec-5] org.hibernate.SQL                        : 
    select
        c1_0.goal_id,
        c1_0.content_id,
        c1_0.content_text,
        c1_0.content_type,
        c1_0.content_url,
        c1_0.created_at,
        c1_0.difficulty_level,
        c1_0.duration_minutes,
        c1_0.metadata,
        c1_0.order_index,
        c1_0.parent_content_id,
        c1_0.title,
        c1_0.updated_at 
    from
        learning_content c1_0 
    where
        c1_0.goal_id=?
Hibernate: 
    select
        c1_0.goal_id,
        c1_0.content_id,
        c1_0.content_text,
        c1_0.content_type,
        c1_0.content_url,
        c1_0.created_at,
        c1_0.difficulty_level,
        c1_0.duration_minutes,
        c1_0.metadata,
        c1_0.order_index,
        c1_0.parent_content_id,
        c1_0.title,
        c1_0.updated_at 
    from
        learning_content c1_0 
    where
        c1_0.goal_id=?
2026-03-14T21:54:12.448+05:30 DEBUG 20192 --- [skillforge-backend] [nio-8081-exec-5] org.hibernate.SQL                        : 
    select
        c1_0.goal_id,
        c1_0.content_id,
        c1_0.content_text,
        c1_0.content_type,
        c1_0.content_url,
        c1_0.created_at,
        c1_0.difficulty_level,
        c1_0.duration_minutes,
        c1_0.metadata,
        c1_0.order_index,
        c1_0.parent_content_id,
        c1_0.title,
        c1_0.updated_at 
    from
        learning_content c1_0 
    where
        c1_0.goal_id=?
Hibernate: 
    select
        c1_0.goal_id,
        c1_0.content_id,
        c1_0.content_text,
        c1_0.content_type,
        c1_0.content_url,
        c1_0.created_at,
        c1_0.difficulty_level,
        c1_0.duration_minutes,
        c1_0.metadata,
        c1_0.order_index,
        c1_0.parent_content_id,
        c1_0.title,
        c1_0.updated_at 
    from
        learning_content c1_0 
    where
        c1_0.goal_id=?
2026-03-14T21:54:12.449+05:30 DEBUG 20192 --- [skillforge-backend] [nio-8081-exec-5] o.s.w.s.m.m.a.HttpEntityMethodProcessor  : Writing [[Enrollment(enrollmentId=ede960d4-964a-4aee-b619-df22ed1aae4b, learner=User(userId=5e5511bd-5ddb-400 (truncated)...]
2026-03-14T21:54:12.453+05:30 DEBUG 20192 --- [skillforge-backend] [nio-8081-exec-5] o.s.web.servlet.DispatcherServlet        : Completed 200 OK
2026-03-14T21:54:13.598+05:30 DEBUG 20192 --- [skillforge-backend] [nio-8081-exec-8] o.s.security.web.FilterChainProxy        : Securing GET /api/learner/enrollments
2026-03-14T21:54:13.599+05:30 DEBUG 20192 --- [skillforge-backend] [nio-8081-exec-4] o.s.security.web.FilterChainProxy        : Securing OPTIONS /api/learner/goals/1b90cdf5-1221-4648-9220-0c9c06bf1ecb/overview
2026-03-14T21:54:13.599+05:30 DEBUG 20192 --- [skillforge-backend] [nio-8081-exec-6] o.s.security.web.FilterChainProxy        : Securing OPTIONS /api/learner/goals/1b90cdf5-1221-4648-9220-0c9c06bf1ecb/overview
2026-03-14T21:54:13.603+05:30 DEBUG 20192 --- [skillforge-backend] [nio-8081-exec-7] o.s.security.web.FilterChainProxy        : Securing GET /api/learner/goals/1b90cdf5-1221-4648-9220-0c9c06bf1ecb/overview
2026-03-14T21:54:13.604+05:30 DEBUG 20192 --- [skillforge-backend] [nio-8081-exec-8] org.hibernate.SQL                        : 
    select
        u1_0.user_id,
        u1_0.created_at,
        u1_0.email,
        u1_0.first_name,
        u1_0.is_active,
        u1_0.is_verified,
        u1_0.last_login,
        u1_0.last_name,
        u1_0.password_hash,
        u1_0.profile_picture_url,
        u1_0.role,
        u1_0.updated_at 
    from
        users u1_0 
    where
        u1_0.email=?
Hibernate: 
    select
        u1_0.user_id,
        u1_0.created_at,
        u1_0.email,
        u1_0.first_name,
        u1_0.is_active,
        u1_0.is_verified,
        u1_0.last_login,
        u1_0.last_name,
        u1_0.password_hash,
        u1_0.profile_picture_url,
        u1_0.role,
        u1_0.updated_at 
    from
        users u1_0 
    where
        u1_0.email=?
2026-03-14T21:54:13.607+05:30 DEBUG 20192 --- [skillforge-backend] [nio-8081-exec-8] o.s.security.web.FilterChainProxy        : Secured GET /api/learner/enrollments
2026-03-14T21:54:13.609+05:30 DEBUG 20192 --- [skillforge-backend] [nio-8081-exec-8] o.s.web.servlet.DispatcherServlet        : GET "/api/learner/enrollments", parameters={}
2026-03-14T21:54:13.610+05:30 DEBUG 20192 --- [skillforge-backend] [nio-8081-exec-7] org.hibernate.SQL                        : 
    select
        u1_0.user_id,
        u1_0.created_at,
        u1_0.email,
        u1_0.first_name,
        u1_0.is_active,
        u1_0.is_verified,
        u1_0.last_login,
        u1_0.last_name,
        u1_0.password_hash,
        u1_0.profile_picture_url,
        u1_0.role,
        u1_0.updated_at 
    from
        users u1_0 
    where
        u1_0.email=?
2026-03-14T21:54:13.610+05:30 DEBUG 20192 --- [skillforge-backend] [nio-8081-exec-8] s.w.s.m.m.a.RequestMappingHandlerMapping : Mapped to com.skillforge.controller.LearnerController#getMyEnrollments(UserPrincipal)
Hibernate: 
    select
        u1_0.user_id,
        u1_0.created_at,
        u1_0.email,
        u1_0.first_name,
        u1_0.is_active,
        u1_0.is_verified,
        u1_0.last_login,
        u1_0.last_name,
        u1_0.password_hash,
        u1_0.profile_picture_url,
        u1_0.role,
        u1_0.updated_at 
    from
        users u1_0 
    where
        u1_0.email=?
2026-03-14T21:54:13.611+05:30 DEBUG 20192 --- [skillforge-backend] [nio-8081-exec-8] horizationManagerBeforeMethodInterceptor : Authorizing method invocation ReflectiveMethodInvocation: public org.springframework.http.ResponseEntity com.skillforge.controller.LearnerController.getMyEnrollments(com.skillforge.security.UserPrincipal); target is of class [com.skillforge.controller.LearnerController]
2026-03-14T21:54:13.612+05:30 DEBUG 20192 --- [skillforge-backend] [nio-8081-exec-8] horizationManagerBeforeMethodInterceptor : Authorized method invocation ReflectiveMethodInvocation: public org.springframework.http.ResponseEntity com.skillforge.controller.LearnerController.getMyEnrollments(com.skillforge.security.UserPrincipal); target is of class [com.skillforge.controller.LearnerController]
2026-03-14T21:54:13.613+05:30 DEBUG 20192 --- [skillforge-backend] [nio-8081-exec-7] o.s.security.web.FilterChainProxy        : Secured GET /api/learner/goals/1b90cdf5-1221-4648-9220-0c9c06bf1ecb/overview
2026-03-14T21:54:13.613+05:30 DEBUG 20192 --- [skillforge-backend] [nio-8081-exec-7] o.s.web.servlet.DispatcherServlet        : GET "/api/learner/goals/1b90cdf5-1221-4648-9220-0c9c06bf1ecb/overview", parameters={}
2026-03-14T21:54:13.614+05:30 DEBUG 20192 --- [skillforge-backend] [nio-8081-exec-8] org.hibernate.SQL                        : 
    select
        u1_0.user_id,
        u1_0.created_at,
        u1_0.email,
        u1_0.first_name,
        u1_0.is_active,
        u1_0.is_verified,
        u1_0.last_login,
        u1_0.last_name,
        u1_0.password_hash,
        u1_0.profile_picture_url,
        u1_0.role,
        u1_0.updated_at 
    from
        users u1_0 
    where
        u1_0.email=?
Hibernate: 
    select
        u1_0.user_id,
        u1_0.created_at,
        u1_0.email,
        u1_0.first_name,
        u1_0.is_active,
        u1_0.is_verified,
        u1_0.last_login,
        u1_0.last_name,
        u1_0.password_hash,
        u1_0.profile_picture_url,
        u1_0.role,
        u1_0.updated_at 
    from
        users u1_0 
    where
        u1_0.email=?
2026-03-14T21:54:13.614+05:30 DEBUG 20192 --- [skillforge-backend] [nio-8081-exec-7] s.w.s.m.m.a.RequestMappingHandlerMapping : Mapped to com.skillforge.controller.LearnerController#getGoalOverview(UUID, UserPrincipal)
2026-03-14T21:54:13.616+05:30 DEBUG 20192 --- [skillforge-backend] [nio-8081-exec-7] horizationManagerBeforeMethodInterceptor : Authorizing method invocation ReflectiveMethodInvocation: public org.springframework.http.ResponseEntity com.skillforge.controller.LearnerController.getGoalOverview(java.util.UUID,com.skillforge.security.UserPrincipal); target is of class [com.skillforge.controller.LearnerController]
2026-03-14T21:54:13.616+05:30 DEBUG 20192 --- [skillforge-backend] [nio-8081-exec-7] horizationManagerBeforeMethodInterceptor : Authorized method invocation ReflectiveMethodInvocation: public org.springframework.http.ResponseEntity com.skillforge.controller.LearnerController.getGoalOverview(java.util.UUID,com.skillforge.security.UserPrincipal); target is of class [com.skillforge.controller.LearnerController]
2026-03-14T21:54:13.618+05:30 DEBUG 20192 --- [skillforge-backend] [nio-8081-exec-8] org.hibernate.SQL                        : 
    select
        e1_0.enrollment_id,
        e1_0.completed_at,
        e1_0.enrolled_at,
        e1_0.goal_id,
        e1_0.last_accessed,
        e1_0.learner_id,
        e1_0.progress_percentage,
        e1_0.status 
    from
        enrollments e1_0 
    where
        e1_0.learner_id=?
Hibernate: 
    select
        e1_0.enrollment_id,
        e1_0.completed_at,
        e1_0.enrolled_at,
        e1_0.goal_id,
        e1_0.last_accessed,
        e1_0.learner_id,
        e1_0.progress_percentage,
        e1_0.status 
    from
        enrollments e1_0 
    where
        e1_0.learner_id=?
2026-03-14T21:54:13.619+05:30 DEBUG 20192 --- [skillforge-backend] [nio-8081-exec-7] org.hibernate.SQL                        : 
    select
        u1_0.user_id,
        u1_0.created_at,
        u1_0.email,
        u1_0.first_name,
        u1_0.is_active,
        u1_0.is_verified,
        u1_0.last_login,
        u1_0.last_name,
        u1_0.password_hash,
        u1_0.profile_picture_url,
        u1_0.role,
        u1_0.updated_at 
    from
        users u1_0 
    where
        u1_0.email=?
Hibernate: 
    select
        u1_0.user_id,
        u1_0.created_at,
        u1_0.email,
        u1_0.first_name,
        u1_0.is_active,
        u1_0.is_verified,
        u1_0.last_login,
        u1_0.last_name,
        u1_0.password_hash,
        u1_0.profile_picture_url,
        u1_0.role,
        u1_0.updated_at 
    from
        users u1_0 
    where
        u1_0.email=?
2026-03-14T21:54:13.620+05:30 DEBUG 20192 --- [skillforge-backend] [nio-8081-exec-8] org.hibernate.SQL                        : 
    select
        lg1_0.goal_id,
        lg1_0.created_at,
        lg1_0.description,
        lg1_0.difficulty_level,
        lg1_0.instructor_id,
        i1_0.user_id,
        i1_0.created_at,
        i1_0.email,
        i1_0.first_name,
        i1_0.is_active,
        i1_0.is_verified,
        i1_0.last_login,
        i1_0.last_name,
        i1_0.password_hash,
        i1_0.profile_picture_url,
        i1_0.role,
        i1_0.updated_at,
        lg1_0.is_published,
        lg1_0.learning_outcomes,
        lg1_0.prerequisites,
        lg1_0.subject,
        lg1_0.title,
        lg1_0.updated_at 
    from
        learning_goals lg1_0 
    join
        users i1_0 
            on i1_0.user_id=lg1_0.instructor_id 
    where
        lg1_0.goal_id=?
Hibernate: 
    select
        lg1_0.goal_id,
        lg1_0.created_at,
        lg1_0.description,
        lg1_0.difficulty_level,
        lg1_0.instructor_id,
        i1_0.user_id,
        i1_0.created_at,
        i1_0.email,
        i1_0.first_name,
        i1_0.is_active,
        i1_0.is_verified,
        i1_0.last_login,
        i1_0.last_name,
        i1_0.password_hash,
        i1_0.profile_picture_url,
        i1_0.role,
        i1_0.updated_at,
        lg1_0.is_published,
        lg1_0.learning_outcomes,
        lg1_0.prerequisites,
        lg1_0.subject,
        lg1_0.title,
        lg1_0.updated_at 
    from
        learning_goals lg1_0 
    join
        users i1_0 
            on i1_0.user_id=lg1_0.instructor_id 
    where
        lg1_0.goal_id=?
2026-03-14T21:54:13.622+05:30 DEBUG 20192 --- [skillforge-backend] [nio-8081-exec-7] org.hibernate.SQL                        : 
    select
        lg1_0.goal_id,
        lg1_0.created_at,
        lg1_0.description,
        lg1_0.difficulty_level,
        lg1_0.instructor_id,
        i1_0.user_id,
        i1_0.created_at,
        i1_0.email,
        i1_0.first_name,
        i1_0.is_active,
        i1_0.is_verified,
        i1_0.last_login,
        i1_0.last_name,
        i1_0.password_hash,
        i1_0.profile_picture_url,
        i1_0.role,
        i1_0.updated_at,
        lg1_0.is_published,
        lg1_0.learning_outcomes,
        lg1_0.prerequisites,
        lg1_0.subject,
        lg1_0.title,
        lg1_0.updated_at 
    from
        learning_goals lg1_0 
    join
        users i1_0 
            on i1_0.user_id=lg1_0.instructor_id 
    where
        lg1_0.goal_id=?
Hibernate: 
    select
        lg1_0.goal_id,
        lg1_0.created_at,
        lg1_0.description,
        lg1_0.difficulty_level,
        lg1_0.instructor_id,
        i1_0.user_id,
        i1_0.created_at,
        i1_0.email,
        i1_0.first_name,
        i1_0.is_active,
        i1_0.is_verified,
        i1_0.last_login,
        i1_0.last_name,
        i1_0.password_hash,
        i1_0.profile_picture_url,
        i1_0.role,
        i1_0.updated_at,
        lg1_0.is_published,
        lg1_0.learning_outcomes,
        lg1_0.prerequisites,
        lg1_0.subject,
        lg1_0.title,
        lg1_0.updated_at 
    from
        learning_goals lg1_0 
    join
        users i1_0 
            on i1_0.user_id=lg1_0.instructor_id 
    where
        lg1_0.goal_id=?
2026-03-14T21:54:13.622+05:30 DEBUG 20192 --- [skillforge-backend] [nio-8081-exec-8] org.hibernate.SQL                        : 
    select
        lg1_0.goal_id,
        lg1_0.created_at,
        lg1_0.description,
        lg1_0.difficulty_level,
        lg1_0.instructor_id,
        i1_0.user_id,
        i1_0.created_at,
        i1_0.email,
        i1_0.first_name,
        i1_0.is_active,
        i1_0.is_verified,
        i1_0.last_login,
        i1_0.last_name,
        i1_0.password_hash,
        i1_0.profile_picture_url,
        i1_0.role,
        i1_0.updated_at,
        lg1_0.is_published,
        lg1_0.learning_outcomes,
        lg1_0.prerequisites,
        lg1_0.subject,
        lg1_0.title,
        lg1_0.updated_at 
    from
        learning_goals lg1_0 
    join
        users i1_0 
            on i1_0.user_id=lg1_0.instructor_id 
    where
        lg1_0.goal_id=?
Hibernate: 
    select
        lg1_0.goal_id,
        lg1_0.created_at,
        lg1_0.description,
        lg1_0.difficulty_level,
        lg1_0.instructor_id,
        i1_0.user_id,
        i1_0.created_at,
        i1_0.email,
        i1_0.first_name,
        i1_0.is_active,
        i1_0.is_verified,
        i1_0.last_login,
        i1_0.last_name,
        i1_0.password_hash,
        i1_0.profile_picture_url,
        i1_0.role,
        i1_0.updated_at,
        lg1_0.is_published,
        lg1_0.learning_outcomes,
        lg1_0.prerequisites,
        lg1_0.subject,
        lg1_0.title,
        lg1_0.updated_at 
    from
        learning_goals lg1_0 
    join
        users i1_0 
            on i1_0.user_id=lg1_0.instructor_id 
    where
        lg1_0.goal_id=?
2026-03-14T21:54:13.624+05:30 DEBUG 20192 --- [skillforge-backend] [nio-8081-exec-8] org.hibernate.SQL                        : 
    select
        lg1_0.goal_id,
        lg1_0.created_at,
        lg1_0.description,
        lg1_0.difficulty_level,
        lg1_0.instructor_id,
        i1_0.user_id,
        i1_0.created_at,
        i1_0.email,
        i1_0.first_name,
        i1_0.is_active,
        i1_0.is_verified,
        i1_0.last_login,
        i1_0.last_name,
        i1_0.password_hash,
        i1_0.profile_picture_url,
        i1_0.role,
        i1_0.updated_at,
        lg1_0.is_published,
        lg1_0.learning_outcomes,
        lg1_0.prerequisites,
        lg1_0.subject,
        lg1_0.title,
        lg1_0.updated_at 
    from
        learning_goals lg1_0 
    join
        users i1_0 
            on i1_0.user_id=lg1_0.instructor_id 
    where
        lg1_0.goal_id=?
Hibernate: 
    select
        lg1_0.goal_id,
        lg1_0.created_at,
        lg1_0.description,
        lg1_0.difficulty_level,
        lg1_0.instructor_id,
        i1_0.user_id,
        i1_0.created_at,
        i1_0.email,
        i1_0.first_name,
        i1_0.is_active,
        i1_0.is_verified,
        i1_0.last_login,
        i1_0.last_name,
        i1_0.password_hash,
        i1_0.profile_picture_url,
        i1_0.role,
        i1_0.updated_at,
        lg1_0.is_published,
        lg1_0.learning_outcomes,
        lg1_0.prerequisites,
        lg1_0.subject,
        lg1_0.title,
        lg1_0.updated_at 
    from
        learning_goals lg1_0 
    join
        users i1_0 
            on i1_0.user_id=lg1_0.instructor_id 
    where
        lg1_0.goal_id=?
2026-03-14T21:54:13.626+05:30 DEBUG 20192 --- [skillforge-backend] [nio-8081-exec-7] org.hibernate.SQL                        : 
    select
        e1_0.enrollment_id 
    from
        enrollments e1_0 
    where
        e1_0.learner_id=? 
        and e1_0.goal_id=? 
    fetch
        first ? rows only
Hibernate: 
    select
        e1_0.enrollment_id 
    from
        enrollments e1_0 
    where
        e1_0.learner_id=? 
        and e1_0.goal_id=? 
    fetch
        first ? rows only
2026-03-14T21:54:13.627+05:30 DEBUG 20192 --- [skillforge-backend] [nio-8081-exec-8] org.hibernate.SQL                        : 
    select
        lg1_0.goal_id,
        lg1_0.created_at,
        lg1_0.description,
        lg1_0.difficulty_level,
        lg1_0.instructor_id,
        i1_0.user_id,
        i1_0.created_at,
        i1_0.email,
        i1_0.first_name,
        i1_0.is_active,
        i1_0.is_verified,
        i1_0.last_login,
        i1_0.last_name,
        i1_0.password_hash,
        i1_0.profile_picture_url,
        i1_0.role,
        i1_0.updated_at,
        lg1_0.is_published,
        lg1_0.learning_outcomes,
        lg1_0.prerequisites,
        lg1_0.subject,
        lg1_0.title,
        lg1_0.updated_at 
    from
        learning_goals lg1_0 
    join
        users i1_0 
            on i1_0.user_id=lg1_0.instructor_id 
    where
        lg1_0.goal_id=?
Hibernate: 
    select
        lg1_0.goal_id,
        lg1_0.created_at,
        lg1_0.description,
        lg1_0.difficulty_level,
        lg1_0.instructor_id,
        i1_0.user_id,
        i1_0.created_at,
        i1_0.email,
        i1_0.first_name,
        i1_0.is_active,
        i1_0.is_verified,
        i1_0.last_login,
        i1_0.last_name,
        i1_0.password_hash,
        i1_0.profile_picture_url,
        i1_0.role,
        i1_0.updated_at,
        lg1_0.is_published,
        lg1_0.learning_outcomes,
        lg1_0.prerequisites,
        lg1_0.subject,
        lg1_0.title,
        lg1_0.updated_at 
    from
        learning_goals lg1_0 
    join
        users i1_0 
            on i1_0.user_id=lg1_0.instructor_id 
    where
        lg1_0.goal_id=?
2026-03-14T21:54:13.629+05:30 DEBUG 20192 --- [skillforge-backend] [nio-8081-exec-7] org.hibernate.SQL                        : 
    select
        e1_0.exam_id,
        e1_0.conduct_method,
        e1_0.course_id,
        e1_0.created_at,
        e1_0.description,
        e1_0.duration_minutes,
        e1_0.exam_type,
        e1_0.instructor_id,
        e1_0.learner_owner_id,
        e1_0.learning_goals,
        e1_0.passing_score,
        e1_0.scheduled_date,
        e1_0.source_exam_id,
        e1_0.status,
        e1_0.title,
        e1_0.total_questions,
        e1_0.updated_at 
    from
        exams e1_0 
    left join
        learning_goals c1_0 
            on c1_0.goal_id=e1_0.course_id 
    where
        c1_0.goal_id=?
Hibernate: 
    select
        e1_0.exam_id,
        e1_0.conduct_method,
        e1_0.course_id,
        e1_0.created_at,
        e1_0.description,
        e1_0.duration_minutes,
        e1_0.exam_type,
        e1_0.instructor_id,
        e1_0.learner_owner_id,
        e1_0.learning_goals,
        e1_0.passing_score,
        e1_0.scheduled_date,
        e1_0.source_exam_id,
        e1_0.status,
        e1_0.title,
        e1_0.total_questions,
        e1_0.updated_at 
    from
        exams e1_0 
    left join
        learning_goals c1_0 
            on c1_0.goal_id=e1_0.course_id 
    where
        c1_0.goal_id=?
2026-03-14T21:54:13.629+05:30 DEBUG 20192 --- [skillforge-backend] [nio-8081-exec-8] o.s.w.s.m.m.a.HttpEntityMethodProcessor  : Using 'application/json', given [application/json, text/plain, */*] and supported [application/json, application/*+json]
2026-03-14T21:54:13.630+05:30 DEBUG 20192 --- [skillforge-backend] [nio-8081-exec-8] org.hibernate.SQL                        : 
    select
        c1_0.goal_id,
        c1_0.content_id,
        c1_0.content_text,
        c1_0.content_type,
        c1_0.content_url,
        c1_0.created_at,
        c1_0.difficulty_level,
        c1_0.duration_minutes,
        c1_0.metadata,
        c1_0.order_index,
        c1_0.parent_content_id,
        c1_0.title,
        c1_0.updated_at 
    from
        learning_content c1_0 
    where
        c1_0.goal_id=?
Hibernate: 
    select
        c1_0.goal_id,
        c1_0.content_id,
        c1_0.content_text,
        c1_0.content_type,
        c1_0.content_url,
        c1_0.created_at,
        c1_0.difficulty_level,
        c1_0.duration_minutes,
        c1_0.metadata,
        c1_0.order_index,
        c1_0.parent_content_id,
        c1_0.title,
        c1_0.updated_at 
    from
        learning_content c1_0 
    where
        c1_0.goal_id=?
2026-03-14T21:54:13.631+05:30 DEBUG 20192 --- [skillforge-backend] [nio-8081-exec-8] org.hibernate.SQL                        : 
    select
        c1_0.goal_id,
        c1_0.content_id,
        c1_0.content_text,
        c1_0.content_type,
        c1_0.content_url,
        c1_0.created_at,
        c1_0.difficulty_level,
        c1_0.duration_minutes,
        c1_0.metadata,
        c1_0.order_index,
        c1_0.parent_content_id,
        c1_0.title,
        c1_0.updated_at 
    from
        learning_content c1_0 
    where
        c1_0.goal_id=?
Hibernate: 
    select
        c1_0.goal_id,
        c1_0.content_id,
        c1_0.content_text,
        c1_0.content_type,
        c1_0.content_url,
        c1_0.created_at,
        c1_0.difficulty_level,
        c1_0.duration_minutes,
        c1_0.metadata,
        c1_0.order_index,
        c1_0.parent_content_id,
        c1_0.title,
        c1_0.updated_at 
    from
        learning_content c1_0 
    where
        c1_0.goal_id=?
2026-03-14T21:54:13.632+05:30 DEBUG 20192 --- [skillforge-backend] [nio-8081-exec-7] org.hibernate.SQL                        : 
    select
        lc1_0.content_id,
        lc1_0.content_text,
        lc1_0.content_type,
        lc1_0.content_url,
        lc1_0.created_at,
        lc1_0.difficulty_level,
        lc1_0.duration_minutes,
        lc1_0.goal_id,
        lc1_0.metadata,
        lc1_0.order_index,
        lc1_0.parent_content_id,
        lc1_0.title,
        lc1_0.updated_at 
    from
        learning_content lc1_0 
    where
        lc1_0.goal_id=? 
        and lc1_0.parent_content_id is null 
    order by
        lc1_0.order_index
Hibernate: 
    select
        lc1_0.content_id,
        lc1_0.content_text,
        lc1_0.content_type,
        lc1_0.content_url,
        lc1_0.created_at,
        lc1_0.difficulty_level,
        lc1_0.duration_minutes,
        lc1_0.goal_id,
        lc1_0.metadata,
        lc1_0.order_index,
        lc1_0.parent_content_id,
        lc1_0.title,
        lc1_0.updated_at 
    from
        learning_content lc1_0 
    where
        lc1_0.goal_id=? 
        and lc1_0.parent_content_id is null 
    order by
        lc1_0.order_index
2026-03-14T21:54:13.633+05:30 DEBUG 20192 --- [skillforge-backend] [nio-8081-exec-8] org.hibernate.SQL                        : 
    select
        c1_0.goal_id,
        c1_0.content_id,
        c1_0.content_text,
        c1_0.content_type,
        c1_0.content_url,
        c1_0.created_at,
        c1_0.difficulty_level,
        c1_0.duration_minutes,
        c1_0.metadata,
        c1_0.order_index,
        c1_0.parent_content_id,
        c1_0.title,
        c1_0.updated_at 
    from
        learning_content c1_0 
    where
        c1_0.goal_id=?
Hibernate: 
    select
        c1_0.goal_id,
        c1_0.content_id,
        c1_0.content_text,
        c1_0.content_type,
        c1_0.content_url,
        c1_0.created_at,
        c1_0.difficulty_level,
        c1_0.duration_minutes,
        c1_0.metadata,
        c1_0.order_index,
        c1_0.parent_content_id,
        c1_0.title,
        c1_0.updated_at 
    from
        learning_content c1_0 
    where
        c1_0.goal_id=?
2026-03-14T21:54:13.635+05:30 DEBUG 20192 --- [skillforge-backend] [nio-8081-exec-8] org.hibernate.SQL                        : 
    select
        c1_0.goal_id,
        c1_0.content_id,
        c1_0.content_text,
        c1_0.content_type,
        c1_0.content_url,
        c1_0.created_at,
        c1_0.difficulty_level,
        c1_0.duration_minutes,
        c1_0.metadata,
        c1_0.order_index,
        c1_0.parent_content_id,
        c1_0.title,
        c1_0.updated_at 
    from
        learning_content c1_0 
    where
        c1_0.goal_id=?
Hibernate: 
    select
        c1_0.goal_id,
        c1_0.content_id,
        c1_0.content_text,
        c1_0.content_type,
        c1_0.content_url,
        c1_0.created_at,
        c1_0.difficulty_level,
        c1_0.duration_minutes,
        c1_0.metadata,
        c1_0.order_index,
        c1_0.parent_content_id,
        c1_0.title,
        c1_0.updated_at 
    from
        learning_content c1_0 
    where
        c1_0.goal_id=?
2026-03-14T21:54:13.635+05:30 DEBUG 20192 --- [skillforge-backend] [nio-8081-exec-7] o.s.w.s.m.m.a.HttpEntityMethodProcessor  : Using 'application/json', given [application/json, text/plain, */*] and supported [application/json, application/*+json]
2026-03-14T21:54:13.637+05:30 DEBUG 20192 --- [skillforge-backend] [nio-8081-exec-8] o.s.w.s.m.m.a.HttpEntityMethodProcessor  : Writing [[Enrollment(enrollmentId=ede960d4-964a-4aee-b619-df22ed1aae4b, learner=User(userId=5e5511bd-5ddb-400 (truncated)...]
2026-03-14T21:54:13.637+05:30 DEBUG 20192 --- [skillforge-backend] [nio-8081-exec-7] org.hibernate.SQL                        : 
    select
        c1_0.goal_id,
        c1_0.content_id,
        c1_0.content_text,
        c1_0.content_type,
        c1_0.content_url,
        c1_0.created_at,
        c1_0.difficulty_level,
        c1_0.duration_minutes,
        c1_0.metadata,
        c1_0.order_index,
        c1_0.parent_content_id,
        c1_0.title,
        c1_0.updated_at 
    from
        learning_content c1_0 
    where
        c1_0.goal_id=?
Hibernate: 
    select
        c1_0.goal_id,
        c1_0.content_id,
        c1_0.content_text,
        c1_0.content_type,
        c1_0.content_url,
        c1_0.created_at,
        c1_0.difficulty_level,
        c1_0.duration_minutes,
        c1_0.metadata,
        c1_0.order_index,
        c1_0.parent_content_id,
        c1_0.title,
        c1_0.updated_at 
    from
        learning_content c1_0 
    where
        c1_0.goal_id=?
2026-03-14T21:54:13.638+05:30 DEBUG 20192 --- [skillforge-backend] [nio-8081-exec-8] o.s.web.servlet.DispatcherServlet        : Completed 200 OK
2026-03-14T21:54:13.638+05:30 DEBUG 20192 --- [skillforge-backend] [nio-8081-exec-7] org.hibernate.SQL                        : 
    select
        q1_0.exam_id,
        q1_0.question_id,
        q1_0.ai_confidence,
        q1_0.approval_status,
        q1_0.code_snippet,
        q1_0.correct_answer,
        q1_0.created_at,
        q1_0.difficulty,
        q1_0.objective,
        q1_0.optiona,
        q1_0.optionb,
        q1_0.optionc,
        q1_0.optiond,
        q1_0.order_index,
        q1_0.question_text,
        q1_0.question_type,
        q1_0.topic 
    from
        exam_questions q1_0 
    where
        q1_0.exam_id=?
Hibernate: 
    select
        q1_0.exam_id,
        q1_0.question_id,
        q1_0.ai_confidence,
        q1_0.approval_status,
        q1_0.code_snippet,
        q1_0.correct_answer,
        q1_0.created_at,
        q1_0.difficulty,
        q1_0.objective,
        q1_0.optiona,
        q1_0.optionb,
        q1_0.optionc,
        q1_0.optiond,
        q1_0.order_index,
        q1_0.question_text,
        q1_0.question_type,
        q1_0.topic 
    from
        exam_questions q1_0 
    where
        q1_0.exam_id=?
2026-03-14T21:54:13.639+05:30 DEBUG 20192 --- [skillforge-backend] [nio-8081-exec-9] o.s.security.web.FilterChainProxy        : Securing GET /api/learner/enrollments
2026-03-14T21:54:13.644+05:30 DEBUG 20192 --- [skillforge-backend] [nio-8081-exec-9] org.hibernate.SQL                        : 
    select
        u1_0.user_id,
        u1_0.created_at,
        u1_0.email,
        u1_0.first_name,
        u1_0.is_active,
        u1_0.is_verified,
        u1_0.last_login,
        u1_0.last_name,
        u1_0.password_hash,
        u1_0.profile_picture_url,
        u1_0.role,
        u1_0.updated_at 
    from
        users u1_0 
    where
        u1_0.email=?
Hibernate: 
    select
        u1_0.user_id,
        u1_0.created_at,
        u1_0.email,
        u1_0.first_name,
        u1_0.is_active,
        u1_0.is_verified,
        u1_0.last_login,
        u1_0.last_name,
        u1_0.password_hash,
        u1_0.profile_picture_url,
        u1_0.role,
        u1_0.updated_at 
    from
        users u1_0 
    where
        u1_0.email=?
2026-03-14T21:54:13.646+05:30 DEBUG 20192 --- [skillforge-backend] [nio-8081-exec-9] o.s.security.web.FilterChainProxy        : Secured GET /api/learner/enrollments
2026-03-14T21:54:13.647+05:30 DEBUG 20192 --- [skillforge-backend] [nio-8081-exec-9] o.s.web.servlet.DispatcherServlet        : GET "/api/learner/enrollments", parameters={}
2026-03-14T21:54:13.647+05:30 DEBUG 20192 --- [skillforge-backend] [nio-8081-exec-9] s.w.s.m.m.a.RequestMappingHandlerMapping : Mapped to com.skillforge.controller.LearnerController#getMyEnrollments(UserPrincipal)
2026-03-14T21:54:13.654+05:30 DEBUG 20192 --- [skillforge-backend] [nio-8081-exec-9] horizationManagerBeforeMethodInterceptor : Authorizing method invocation ReflectiveMethodInvocation: public org.springframework.http.ResponseEntity com.skillforge.controller.LearnerController.getMyEnrollments(com.skillforge.security.UserPrincipal); target is of class [com.skillforge.controller.LearnerController]
2026-03-14T21:54:13.655+05:30 DEBUG 20192 --- [skillforge-backend] [nio-8081-exec-9] horizationManagerBeforeMethodInterceptor : Authorized method invocation ReflectiveMethodInvocation: public org.springframework.http.ResponseEntity com.skillforge.controller.LearnerController.getMyEnrollments(com.skillforge.security.UserPrincipal); target is of class [com.skillforge.controller.LearnerController]
2026-03-14T21:54:13.655+05:30 DEBUG 20192 --- [skillforge-backend] [nio-8081-exec-7] o.s.w.s.m.m.a.HttpEntityMethodProcessor  : Writing [java.lang.StackOverflowError]
2026-03-14T21:54:13.656+05:30 DEBUG 20192 --- [skillforge-backend] [nio-8081-exec-9] org.hibernate.SQL                        : 
    select
        u1_0.user_id,
        u1_0.created_at,
        u1_0.email,
        u1_0.first_name,
        u1_0.is_active,
        u1_0.is_verified,
        u1_0.last_login,
        u1_0.last_name,
        u1_0.password_hash,
        u1_0.profile_picture_url,
        u1_0.role,
        u1_0.updated_at 
    from
        users u1_0 
    where
        u1_0.email=?
Hibernate: 
    select
        u1_0.user_id,
        u1_0.created_at,
        u1_0.email,
        u1_0.first_name,
        u1_0.is_active,
        u1_0.is_verified,
        u1_0.last_login,
        u1_0.last_name,
        u1_0.password_hash,
        u1_0.profile_picture_url,
        u1_0.role,
        u1_0.updated_at 
    from
        users u1_0 
    where
        u1_0.email=?
2026-03-14T21:54:13.656+05:30 DEBUG 20192 --- [skillforge-backend] [nio-8081-exec-7] o.s.web.servlet.DispatcherServlet        : Completed 200 OK
2026-03-14T21:54:13.659+05:30 DEBUG 20192 --- [skillforge-backend] [io-8081-exec-10] o.s.security.web.FilterChainProxy        : Securing GET /api/learner/goals/1b90cdf5-1221-4648-9220-0c9c06bf1ecb/overview
2026-03-14T21:54:13.661+05:30 DEBUG 20192 --- [skillforge-backend] [nio-8081-exec-9] org.hibernate.SQL                        : 
    select
        e1_0.enrollment_id,
        e1_0.completed_at,
        e1_0.enrolled_at,
        e1_0.goal_id,
        e1_0.last_accessed,
        e1_0.learner_id,
        e1_0.progress_percentage,
        e1_0.status 
    from
        enrollments e1_0 
    where
        e1_0.learner_id=?
Hibernate: 
    select
        e1_0.enrollment_id,
        e1_0.completed_at,
        e1_0.enrolled_at,
        e1_0.goal_id,
        e1_0.last_accessed,
        e1_0.learner_id,
        e1_0.progress_percentage,
        e1_0.status 
    from
        enrollments e1_0 
    where
        e1_0.learner_id=?
2026-03-14T21:54:13.663+05:30 DEBUG 20192 --- [skillforge-backend] [nio-8081-exec-9] org.hibernate.SQL                        : 
    select
        lg1_0.goal_id,
        lg1_0.created_at,
        lg1_0.description,
        lg1_0.difficulty_level,
        lg1_0.instructor_id,
        i1_0.user_id,
        i1_0.created_at,
        i1_0.email,
        i1_0.first_name,
        i1_0.is_active,
        i1_0.is_verified,
        i1_0.last_login,
        i1_0.last_name,
        i1_0.password_hash,
        i1_0.profile_picture_url,
        i1_0.role,
        i1_0.updated_at,
        lg1_0.is_published,
        lg1_0.learning_outcomes,
        lg1_0.prerequisites,
        lg1_0.subject,
        lg1_0.title,
        lg1_0.updated_at 
    from
        learning_goals lg1_0 
    join
        users i1_0 
            on i1_0.user_id=lg1_0.instructor_id 
    where
        lg1_0.goal_id=?
Hibernate: 
    select
        lg1_0.goal_id,
        lg1_0.created_at,
        lg1_0.description,
        lg1_0.difficulty_level,
        lg1_0.instructor_id,
        i1_0.user_id,
        i1_0.created_at,
        i1_0.email,
        i1_0.first_name,
        i1_0.is_active,
        i1_0.is_verified,
        i1_0.last_login,
        i1_0.last_name,
        i1_0.password_hash,
        i1_0.profile_picture_url,
        i1_0.role,
        i1_0.updated_at,
        lg1_0.is_published,
        lg1_0.learning_outcomes,
        lg1_0.prerequisites,
        lg1_0.subject,
        lg1_0.title,
        lg1_0.updated_at 
    from
        learning_goals lg1_0 
    join
        users i1_0 
            on i1_0.user_id=lg1_0.instructor_id 
    where
        lg1_0.goal_id=?
2026-03-14T21:54:13.663+05:30 DEBUG 20192 --- [skillforge-backend] [io-8081-exec-10] org.hibernate.SQL                        : 
    select
        u1_0.user_id,
        u1_0.created_at,
        u1_0.email,
        u1_0.first_name,
        u1_0.is_active,
        u1_0.is_verified,
        u1_0.last_login,
        u1_0.last_name,
        u1_0.password_hash,
        u1_0.profile_picture_url,
        u1_0.role,
        u1_0.updated_at 
    from
        users u1_0 
    where
        u1_0.email=?
Hibernate: 
    select
        u1_0.user_id,
        u1_0.created_at,
        u1_0.email,
        u1_0.first_name,
        u1_0.is_active,
        u1_0.is_verified,
        u1_0.last_login,
        u1_0.last_name,
        u1_0.password_hash,
        u1_0.profile_picture_url,
        u1_0.role,
        u1_0.updated_at 
    from
        users u1_0 
    where
        u1_0.email=?
2026-03-14T21:54:13.664+05:30 DEBUG 20192 --- [skillforge-backend] [nio-8081-exec-9] org.hibernate.SQL                        : 
    select
        lg1_0.goal_id,
        lg1_0.created_at,
        lg1_0.description,
        lg1_0.difficulty_level,
        lg1_0.instructor_id,
        i1_0.user_id,
        i1_0.created_at,
        i1_0.email,
        i1_0.first_name,
        i1_0.is_active,
        i1_0.is_verified,
        i1_0.last_login,
        i1_0.last_name,
        i1_0.password_hash,
        i1_0.profile_picture_url,
        i1_0.role,
        i1_0.updated_at,
        lg1_0.is_published,
        lg1_0.learning_outcomes,
        lg1_0.prerequisites,
        lg1_0.subject,
        lg1_0.title,
        lg1_0.updated_at 
    from
        learning_goals lg1_0 
    join
        users i1_0 
            on i1_0.user_id=lg1_0.instructor_id 
    where
        lg1_0.goal_id=?
Hibernate: 
    select
        lg1_0.goal_id,
        lg1_0.created_at,
        lg1_0.description,
        lg1_0.difficulty_level,
        lg1_0.instructor_id,
        i1_0.user_id,
        i1_0.created_at,
        i1_0.email,
        i1_0.first_name,
        i1_0.is_active,
        i1_0.is_verified,
        i1_0.last_login,
        i1_0.last_name,
        i1_0.password_hash,
        i1_0.profile_picture_url,
        i1_0.role,
        i1_0.updated_at,
        lg1_0.is_published,
        lg1_0.learning_outcomes,
        lg1_0.prerequisites,
        lg1_0.subject,
        lg1_0.title,
        lg1_0.updated_at 
    from
        learning_goals lg1_0 
    join
        users i1_0 
            on i1_0.user_id=lg1_0.instructor_id 
    where
        lg1_0.goal_id=?
2026-03-14T21:54:13.665+05:30 DEBUG 20192 --- [skillforge-backend] [io-8081-exec-10] o.s.security.web.FilterChainProxy        : Secured GET /api/learner/goals/1b90cdf5-1221-4648-9220-0c9c06bf1ecb/overview
2026-03-14T21:54:13.666+05:30 DEBUG 20192 --- [skillforge-backend] [io-8081-exec-10] o.s.web.servlet.DispatcherServlet        : GET "/api/learner/goals/1b90cdf5-1221-4648-9220-0c9c06bf1ecb/overview", parameters={}
2026-03-14T21:54:13.667+05:30 DEBUG 20192 --- [skillforge-backend] [io-8081-exec-10] s.w.s.m.m.a.RequestMappingHandlerMapping : Mapped to com.skillforge.controller.LearnerController#getGoalOverview(UUID, UserPrincipal)
2026-03-14T21:54:13.668+05:30 DEBUG 20192 --- [skillforge-backend] [io-8081-exec-10] horizationManagerBeforeMethodInterceptor : Authorizing method invocation ReflectiveMethodInvocation: public org.springframework.http.ResponseEntity com.skillforge.controller.LearnerController.getGoalOverview(java.util.UUID,com.skillforge.security.UserPrincipal); target is of class [com.skillforge.controller.LearnerController]
2026-03-14T21:54:13.669+05:30 DEBUG 20192 --- [skillforge-backend] [nio-8081-exec-9] org.hibernate.SQL                        : 
    select
        lg1_0.goal_id,
        lg1_0.created_at,
        lg1_0.description,
        lg1_0.difficulty_level,
        lg1_0.instructor_id,
        i1_0.user_id,
        i1_0.created_at,
        i1_0.email,
        i1_0.first_name,
        i1_0.is_active,
        i1_0.is_verified,
        i1_0.last_login,
        i1_0.last_name,
        i1_0.password_hash,
        i1_0.profile_picture_url,
        i1_0.role,
        i1_0.updated_at,
        lg1_0.is_published,
        lg1_0.learning_outcomes,
        lg1_0.prerequisites,
        lg1_0.subject,
        lg1_0.title,
        lg1_0.updated_at 
    from
        learning_goals lg1_0 
    join
        users i1_0 
            on i1_0.user_id=lg1_0.instructor_id 
    where
        lg1_0.goal_id=?
Hibernate: 
    select
        lg1_0.goal_id,
        lg1_0.created_at,
        lg1_0.description,
        lg1_0.difficulty_level,
        lg1_0.instructor_id,
        i1_0.user_id,
        i1_0.created_at,
        i1_0.email,
        i1_0.first_name,
        i1_0.is_active,
        i1_0.is_verified,
        i1_0.last_login,
        i1_0.last_name,
        i1_0.password_hash,
        i1_0.profile_picture_url,
        i1_0.role,
        i1_0.updated_at,
        lg1_0.is_published,
        lg1_0.learning_outcomes,
        lg1_0.prerequisites,
        lg1_0.subject,
        lg1_0.title,
        lg1_0.updated_at 
    from
        learning_goals lg1_0 
    join
        users i1_0 
            on i1_0.user_id=lg1_0.instructor_id 
    where
        lg1_0.goal_id=?
2026-03-14T21:54:13.669+05:30 DEBUG 20192 --- [skillforge-backend] [io-8081-exec-10] horizationManagerBeforeMethodInterceptor : Authorized method invocation ReflectiveMethodInvocation: public org.springframework.http.ResponseEntity com.skillforge.controller.LearnerController.getGoalOverview(java.util.UUID,com.skillforge.security.UserPrincipal); target is of class [com.skillforge.controller.LearnerController]
2026-03-14T21:54:13.671+05:30 DEBUG 20192 --- [skillforge-backend] [io-8081-exec-10] org.hibernate.SQL                        : 
    select
        u1_0.user_id,
        u1_0.created_at,
        u1_0.email,
        u1_0.first_name,
        u1_0.is_active,
        u1_0.is_verified,
        u1_0.last_login,
        u1_0.last_name,
        u1_0.password_hash,
        u1_0.profile_picture_url,
        u1_0.role,
        u1_0.updated_at 
    from
        users u1_0 
    where
        u1_0.email=?
Hibernate: 
    select
        u1_0.user_id,
        u1_0.created_at,
        u1_0.email,
        u1_0.first_name,
        u1_0.is_active,
        u1_0.is_verified,
        u1_0.last_login,
        u1_0.last_name,
        u1_0.password_hash,
        u1_0.profile_picture_url,
        u1_0.role,
        u1_0.updated_at 
    from
        users u1_0 
    where
        u1_0.email=?
2026-03-14T21:54:13.671+05:30 DEBUG 20192 --- [skillforge-backend] [nio-8081-exec-9] org.hibernate.SQL                        : 
    select
        lg1_0.goal_id,
        lg1_0.created_at,
        lg1_0.description,
        lg1_0.difficulty_level,
        lg1_0.instructor_id,
        i1_0.user_id,
        i1_0.created_at,
        i1_0.email,
        i1_0.first_name,
        i1_0.is_active,
        i1_0.is_verified,
        i1_0.last_login,
        i1_0.last_name,
        i1_0.password_hash,
        i1_0.profile_picture_url,
        i1_0.role,
        i1_0.updated_at,
        lg1_0.is_published,
        lg1_0.learning_outcomes,
        lg1_0.prerequisites,
        lg1_0.subject,
        lg1_0.title,
        lg1_0.updated_at 
    from
        learning_goals lg1_0 
    join
        users i1_0 
            on i1_0.user_id=lg1_0.instructor_id 
    where
        lg1_0.goal_id=?
Hibernate: 
    select
        lg1_0.goal_id,
        lg1_0.created_at,
        lg1_0.description,
        lg1_0.difficulty_level,
        lg1_0.instructor_id,
        i1_0.user_id,
        i1_0.created_at,
        i1_0.email,
        i1_0.first_name,
        i1_0.is_active,
        i1_0.is_verified,
        i1_0.last_login,
        i1_0.last_name,
        i1_0.password_hash,
        i1_0.profile_picture_url,
        i1_0.role,
        i1_0.updated_at,
        lg1_0.is_published,
        lg1_0.learning_outcomes,
        lg1_0.prerequisites,
        lg1_0.subject,
        lg1_0.title,
        lg1_0.updated_at 
    from
        learning_goals lg1_0 
    join
        users i1_0 
            on i1_0.user_id=lg1_0.instructor_id 
    where
        lg1_0.goal_id=?
2026-03-14T21:54:13.673+05:30 DEBUG 20192 --- [skillforge-backend] [nio-8081-exec-9] o.s.w.s.m.m.a.HttpEntityMethodProcessor  : Using 'application/json', given [application/json, text/plain, */*] and supported [application/json, application/*+json]
2026-03-14T21:54:13.673+05:30 DEBUG 20192 --- [skillforge-backend] [io-8081-exec-10] org.hibernate.SQL                        : 
    select
        lg1_0.goal_id,
        lg1_0.created_at,
        lg1_0.description,
        lg1_0.difficulty_level,
        lg1_0.instructor_id,
        i1_0.user_id,
        i1_0.created_at,
        i1_0.email,
        i1_0.first_name,
        i1_0.is_active,
        i1_0.is_verified,
        i1_0.last_login,
        i1_0.last_name,
        i1_0.password_hash,
        i1_0.profile_picture_url,
        i1_0.role,
        i1_0.updated_at,
        lg1_0.is_published,
        lg1_0.learning_outcomes,
        lg1_0.prerequisites,
        lg1_0.subject,
        lg1_0.title,
        lg1_0.updated_at 
    from
        learning_goals lg1_0 
    join
        users i1_0 
            on i1_0.user_id=lg1_0.instructor_id 
    where
        lg1_0.goal_id=?
Hibernate: 
    select
        lg1_0.goal_id,
        lg1_0.created_at,
        lg1_0.description,
        lg1_0.difficulty_level,
        lg1_0.instructor_id,
        i1_0.user_id,
        i1_0.created_at,
        i1_0.email,
        i1_0.first_name,
        i1_0.is_active,
        i1_0.is_verified,
        i1_0.last_login,
        i1_0.last_name,
        i1_0.password_hash,
        i1_0.profile_picture_url,
        i1_0.role,
        i1_0.updated_at,
        lg1_0.is_published,
        lg1_0.learning_outcomes,
        lg1_0.prerequisites,
        lg1_0.subject,
        lg1_0.title,
        lg1_0.updated_at 
    from
        learning_goals lg1_0 
    join
        users i1_0 
            on i1_0.user_id=lg1_0.instructor_id 
    where
        lg1_0.goal_id=?
2026-03-14T21:54:13.675+05:30 DEBUG 20192 --- [skillforge-backend] [nio-8081-exec-9] org.hibernate.SQL                        : 
    select
        c1_0.goal_id,
        c1_0.content_id,
        c1_0.content_text,
        c1_0.content_type,
        c1_0.content_url,
        c1_0.created_at,
        c1_0.difficulty_level,
        c1_0.duration_minutes,
        c1_0.metadata,
        c1_0.order_index,
        c1_0.parent_content_id,
        c1_0.title,
        c1_0.updated_at 
    from
        learning_content c1_0 
    where
        c1_0.goal_id=?
Hibernate: 
    select
        c1_0.goal_id,
        c1_0.content_id,
        c1_0.content_text,
        c1_0.content_type,
        c1_0.content_url,
        c1_0.created_at,
        c1_0.difficulty_level,
        c1_0.duration_minutes,
        c1_0.metadata,
        c1_0.order_index,
        c1_0.parent_content_id,
        c1_0.title,
        c1_0.updated_at 
    from
        learning_content c1_0 
    where
        c1_0.goal_id=?
2026-03-14T21:54:13.677+05:30 DEBUG 20192 --- [skillforge-backend] [nio-8081-exec-9] org.hibernate.SQL                        : 
    select
        c1_0.goal_id,
        c1_0.content_id,
        c1_0.content_text,
        c1_0.content_type,
        c1_0.content_url,
        c1_0.created_at,
        c1_0.difficulty_level,
        c1_0.duration_minutes,
        c1_0.metadata,
        c1_0.order_index,
        c1_0.parent_content_id,
        c1_0.title,
        c1_0.updated_at 
    from
        learning_content c1_0 
    where
        c1_0.goal_id=?
Hibernate: 
    select
        c1_0.goal_id,
        c1_0.content_id,
        c1_0.content_text,
        c1_0.content_type,
        c1_0.content_url,
        c1_0.created_at,
        c1_0.difficulty_level,
        c1_0.duration_minutes,
        c1_0.metadata,
        c1_0.order_index,
        c1_0.parent_content_id,
        c1_0.title,
        c1_0.updated_at 
    from
        learning_content c1_0 
    where
        c1_0.goal_id=?
2026-03-14T21:54:13.695+05:30 DEBUG 20192 --- [skillforge-backend] [nio-8081-exec-9] org.hibernate.SQL                        : 
    select
        c1_0.goal_id,
        c1_0.content_id,
        c1_0.content_text,
        c1_0.content_type,
        c1_0.content_url,
        c1_0.created_at,
        c1_0.difficulty_level,
        c1_0.duration_minutes,
        c1_0.metadata,
        c1_0.order_index,
        c1_0.parent_content_id,
        c1_0.title,
        c1_0.updated_at 
    from
        learning_content c1_0 
    where
        c1_0.goal_id=?
Hibernate: 
    select
        c1_0.goal_id,
        c1_0.content_id,
        c1_0.content_text,
        c1_0.content_type,
        c1_0.content_url,
        c1_0.created_at,
        c1_0.difficulty_level,
        c1_0.duration_minutes,
        c1_0.metadata,
        c1_0.order_index,
        c1_0.parent_content_id,
        c1_0.title,
        c1_0.updated_at 
    from
        learning_content c1_0 
    where
        c1_0.goal_id=?
2026-03-14T21:54:13.696+05:30 DEBUG 20192 --- [skillforge-backend] [io-8081-exec-10] org.hibernate.SQL                        : 
    select
        e1_0.enrollment_id 
    from
        enrollments e1_0 
    where
        e1_0.learner_id=? 
        and e1_0.goal_id=? 
    fetch
        first ? rows only
Hibernate: 
    select
        e1_0.enrollment_id 
    from
        enrollments e1_0 
    where
        e1_0.learner_id=? 
        and e1_0.goal_id=? 
    fetch
        first ? rows only
2026-03-14T21:54:13.697+05:30 DEBUG 20192 --- [skillforge-backend] [nio-8081-exec-9] org.hibernate.SQL                        : 
    select
        c1_0.goal_id,
        c1_0.content_id,
        c1_0.content_text,
        c1_0.content_type,
        c1_0.content_url,
        c1_0.created_at,
        c1_0.difficulty_level,
        c1_0.duration_minutes,
        c1_0.metadata,
        c1_0.order_index,
        c1_0.parent_content_id,
        c1_0.title,
        c1_0.updated_at 
    from
        learning_content c1_0 
    where
        c1_0.goal_id=?
Hibernate: 
    select
        c1_0.goal_id,
        c1_0.content_id,
        c1_0.content_text,
        c1_0.content_type,
        c1_0.content_url,
        c1_0.created_at,
        c1_0.difficulty_level,
        c1_0.duration_minutes,
        c1_0.metadata,
        c1_0.order_index,
        c1_0.parent_content_id,
        c1_0.title,
        c1_0.updated_at 
    from
        learning_content c1_0 
    where
        c1_0.goal_id=?
2026-03-14T21:54:13.698+05:30 DEBUG 20192 --- [skillforge-backend] [nio-8081-exec-9] o.s.w.s.m.m.a.HttpEntityMethodProcessor  : Writing [[Enrollment(enrollmentId=ede960d4-964a-4aee-b619-df22ed1aae4b, learner=User(userId=5e5511bd-5ddb-400 (truncated)...]
2026-03-14T21:54:13.702+05:30 DEBUG 20192 --- [skillforge-backend] [nio-8081-exec-9] o.s.web.servlet.DispatcherServlet        : Completed 200 OK
2026-03-14T21:54:13.702+05:30 DEBUG 20192 --- [skillforge-backend] [io-8081-exec-10] org.hibernate.SQL                        : 
    select
        e1_0.exam_id,
        e1_0.conduct_method,
        e1_0.course_id,
        e1_0.created_at,
        e1_0.description,
        e1_0.duration_minutes,
        e1_0.exam_type,
        e1_0.instructor_id,
        e1_0.learner_owner_id,
        e1_0.learning_goals,
        e1_0.passing_score,
        e1_0.scheduled_date,
        e1_0.source_exam_id,
        e1_0.status,
        e1_0.title,
        e1_0.total_questions,
        e1_0.updated_at 
    from
        exams e1_0 
    left join
        learning_goals c1_0 
            on c1_0.goal_id=e1_0.course_id 
    where
        c1_0.goal_id=?
Hibernate: 
    select
        e1_0.exam_id,
        e1_0.conduct_method,
        e1_0.course_id,
        e1_0.created_at,
        e1_0.description,
        e1_0.duration_minutes,
        e1_0.exam_type,
        e1_0.instructor_id,
        e1_0.learner_owner_id,
        e1_0.learning_goals,
        e1_0.passing_score,
        e1_0.scheduled_date,
        e1_0.source_exam_id,
        e1_0.status,
        e1_0.title,
        e1_0.total_questions,
        e1_0.updated_at 
    from
        exams e1_0 
    left join
        learning_goals c1_0 
            on c1_0.goal_id=e1_0.course_id 
    where
        c1_0.goal_id=?
2026-03-14T21:54:13.706+05:30 DEBUG 20192 --- [skillforge-backend] [io-8081-exec-10] org.hibernate.SQL                        : 
    select
        lc1_0.content_id,
        lc1_0.content_text,
        lc1_0.content_type,
        lc1_0.content_url,
        lc1_0.created_at,
        lc1_0.difficulty_level,
        lc1_0.duration_minutes,
        lc1_0.goal_id,
        lc1_0.metadata,
        lc1_0.order_index,
        lc1_0.parent_content_id,
        lc1_0.title,
        lc1_0.updated_at 
    from
        learning_content lc1_0 
    where
        lc1_0.goal_id=? 
        and lc1_0.parent_content_id is null 
    order by
        lc1_0.order_index
Hibernate: 
    select
        lc1_0.content_id,
        lc1_0.content_text,
        lc1_0.content_type,
        lc1_0.content_url,
        lc1_0.created_at,
        lc1_0.difficulty_level,
        lc1_0.duration_minutes,
        lc1_0.goal_id,
        lc1_0.metadata,
        lc1_0.order_index,
        lc1_0.parent_content_id,
        lc1_0.title,
        lc1_0.updated_at 
    from
        learning_content lc1_0 
    where
        lc1_0.goal_id=? 
        and lc1_0.parent_content_id is null 
    order by
        lc1_0.order_index
2026-03-14T21:54:13.710+05:30 DEBUG 20192 --- [skillforge-backend] [io-8081-exec-10] o.s.w.s.m.m.a.HttpEntityMethodProcessor  : Using 'application/json', given [application/json, text/plain, */*] and supported [application/json, application/*+json]
2026-03-14T21:54:13.711+05:30 DEBUG 20192 --- [skillforge-backend] [io-8081-exec-10] org.hibernate.SQL                        : 
    select
        c1_0.goal_id,
        c1_0.content_id,
        c1_0.content_text,
        c1_0.content_type,
        c1_0.content_url,
        c1_0.created_at,
        c1_0.difficulty_level,
        c1_0.duration_minutes,
        c1_0.metadata,
        c1_0.order_index,
        c1_0.parent_content_id,
        c1_0.title,
        c1_0.updated_at 
    from
        learning_content c1_0 
    where
        c1_0.goal_id=?
Hibernate: 
    select
        c1_0.goal_id,
        c1_0.content_id,
        c1_0.content_text,
        c1_0.content_type,
        c1_0.content_url,
        c1_0.created_at,
        c1_0.difficulty_level,
        c1_0.duration_minutes,
        c1_0.metadata,
        c1_0.order_index,
        c1_0.parent_content_id,
        c1_0.title,
        c1_0.updated_at 
    from
        learning_content c1_0 
    where
        c1_0.goal_id=?
2026-03-14T21:54:13.713+05:30 DEBUG 20192 --- [skillforge-backend] [io-8081-exec-10] org.hibernate.SQL                        : 
    select
        q1_0.exam_id,
        q1_0.question_id,
        q1_0.ai_confidence,
        q1_0.approval_status,
        q1_0.code_snippet,
        q1_0.correct_answer,
        q1_0.created_at,
        q1_0.difficulty,
        q1_0.objective,
        q1_0.optiona,
        q1_0.optionb,
        q1_0.optionc,
        q1_0.optiond,
        q1_0.order_index,
        q1_0.question_text,
        q1_0.question_type,
        q1_0.topic 
    from
        exam_questions q1_0 
    where
        q1_0.exam_id=?
Hibernate: 
    select
        q1_0.exam_id,
        q1_0.question_id,
        q1_0.ai_confidence,
        q1_0.approval_status,
        q1_0.code_snippet,
        q1_0.correct_answer,
        q1_0.created_at,
        q1_0.difficulty,
        q1_0.objective,
        q1_0.optiona,
        q1_0.optionb,
        q1_0.optionc,
        q1_0.optiond,
        q1_0.order_index,
        q1_0.question_text,
        q1_0.question_type,
        q1_0.topic 
    from
        exam_questions q1_0 
    where
        q1_0.exam_id=?
2026-03-14T21:54:13.721+05:30 DEBUG 20192 --- [skillforge-backend] [io-8081-exec-10] o.s.w.s.m.m.a.HttpEntityMethodProcessor  : Writing [java.lang.StackOverflowError]
2026-03-14T21:54:13.722+05:30 DEBUG 20192 --- [skillforge-backend] [io-8081-exec-10] o.s.web.servlet.DispatcherServlet        : Completed 200 OK
2026-03-14T21:54:37.980+05:30 DEBUG 20192 --- [skillforge-backend] [nio-8081-exec-3] o.s.security.web.FilterChainProxy        : Securing OPTIONS /api/learner/dashboard/stats
2026-03-14T21:54:37.980+05:30 DEBUG 20192 --- [skillforge-backend] [nio-8081-exec-1] o.s.security.web.FilterChainProxy        : Securing OPTIONS /api/learner/dashboard/exams
2026-03-14T21:54:37.980+05:30 DEBUG 20192 --- [skillforge-backend] [nio-8081-exec-5] o.s.security.web.FilterChainProxy        : Securing OPTIONS /api/learner/dashboard/stats
2026-03-14T21:54:37.980+05:30 DEBUG 20192 --- [skillforge-backend] [nio-8081-exec-2] o.s.security.web.FilterChainProxy        : Securing OPTIONS /api/learner/dashboard/recommendations
2026-03-14T21:54:37.985+05:30 DEBUG 20192 --- [skillforge-backend] [nio-8081-exec-4] o.s.security.web.FilterChainProxy        : Securing OPTIONS /api/learner/dashboard/recommendations
2026-03-14T21:54:37.991+05:30 DEBUG 20192 --- [skillforge-backend] [nio-8081-exec-4] o.s.security.web.FilterChainProxy        : Securing GET /api/learner/dashboard/stats
2026-03-14T21:54:37.991+05:30 DEBUG 20192 --- [skillforge-backend] [nio-8081-exec-6] o.s.security.web.FilterChainProxy        : Securing OPTIONS /api/learner/dashboard/exams
2026-03-14T21:54:37.994+05:30 DEBUG 20192 --- [skillforge-backend] [nio-8081-exec-7] o.s.security.web.FilterChainProxy        : Securing GET /api/learner/dashboard/exams
2026-03-14T21:54:37.998+05:30 DEBUG 20192 --- [skillforge-backend] [nio-8081-exec-8] o.s.security.web.FilterChainProxy        : Securing GET /api/learner/dashboard/recommendations
2026-03-14T21:54:38.007+05:30 DEBUG 20192 --- [skillforge-backend] [nio-8081-exec-8] org.hibernate.SQL                        : 
    select
        u1_0.user_id,
        u1_0.created_at,
        u1_0.email,
        u1_0.first_name,
        u1_0.is_active,
        u1_0.is_verified,
        u1_0.last_login,
        u1_0.last_name,
        u1_0.password_hash,
        u1_0.profile_picture_url,
        u1_0.role,
        u1_0.updated_at 
    from
        users u1_0 
    where
        u1_0.email=?
Hibernate: 
    select
        u1_0.user_id,
        u1_0.created_at,
        u1_0.email,
        u1_0.first_name,
        u1_0.is_active,
        u1_0.is_verified,
        u1_0.last_login,
        u1_0.last_name,
        u1_0.password_hash,
        u1_0.profile_picture_url,
        u1_0.role,
        u1_0.updated_at 
    from
        users u1_0 
    where
        u1_0.email=?
2026-03-14T21:54:38.007+05:30 DEBUG 20192 --- [skillforge-backend] [nio-8081-exec-7] org.hibernate.SQL                        : 
    select
        u1_0.user_id,
        u1_0.created_at,
        u1_0.email,
        u1_0.first_name,
        u1_0.is_active,
        u1_0.is_verified,
        u1_0.last_login,
        u1_0.last_name,
        u1_0.password_hash,
        u1_0.profile_picture_url,
        u1_0.role,
        u1_0.updated_at 
    from
        users u1_0 
    where
        u1_0.email=?
Hibernate: 
    select
        u1_0.user_id,
        u1_0.created_at,
        u1_0.email,
        u1_0.first_name,
        u1_0.is_active,
        u1_0.is_verified,
        u1_0.last_login,
        u1_0.last_name,
        u1_0.password_hash,
        u1_0.profile_picture_url,
        u1_0.role,
        u1_0.updated_at 
    from
        users u1_0 
    where
        u1_0.email=?
2026-03-14T21:54:38.007+05:30 DEBUG 20192 --- [skillforge-backend] [nio-8081-exec-4] org.hibernate.SQL                        : 
    select
        u1_0.user_id,
        u1_0.created_at,
        u1_0.email,
        u1_0.first_name,
        u1_0.is_active,
        u1_0.is_verified,
        u1_0.last_login,
        u1_0.last_name,
        u1_0.password_hash,
        u1_0.profile_picture_url,
        u1_0.role,
        u1_0.updated_at 
    from
        users u1_0 
    where
        u1_0.email=?
Hibernate: 
    select
        u1_0.user_id,
        u1_0.created_at,
        u1_0.email,
        u1_0.first_name,
        u1_0.is_active,
        u1_0.is_verified,
        u1_0.last_login,
        u1_0.last_name,
        u1_0.password_hash,
        u1_0.profile_picture_url,
        u1_0.role,
        u1_0.updated_at 
    from
        users u1_0 
    where
        u1_0.email=?
2026-03-14T21:54:38.014+05:30 DEBUG 20192 --- [skillforge-backend] [nio-8081-exec-7] o.s.security.web.FilterChainProxy        : Secured GET /api/learner/dashboard/exams
2026-03-14T21:54:38.014+05:30 DEBUG 20192 --- [skillforge-backend] [nio-8081-exec-8] o.s.security.web.FilterChainProxy        : Secured GET /api/learner/dashboard/recommendations
2026-03-14T21:54:38.016+05:30 DEBUG 20192 --- [skillforge-backend] [nio-8081-exec-7] o.s.web.servlet.DispatcherServlet        : GET "/api/learner/dashboard/exams", parameters={}
2026-03-14T21:54:38.016+05:30 DEBUG 20192 --- [skillforge-backend] [nio-8081-exec-8] o.s.web.servlet.DispatcherServlet        : GET "/api/learner/dashboard/recommendations", parameters={}
2026-03-14T21:54:38.017+05:30 DEBUG 20192 --- [skillforge-backend] [nio-8081-exec-7] s.w.s.m.m.a.RequestMappingHandlerMapping : Mapped to com.skillforge.controller.LearnerController#getUpcomingExams(UserPrincipal)
2026-03-14T21:54:38.017+05:30 DEBUG 20192 --- [skillforge-backend] [nio-8081-exec-8] s.w.s.m.m.a.RequestMappingHandlerMapping : Mapped to com.skillforge.controller.LearnerController#getRecommendations(UserPrincipal)
2026-03-14T21:54:38.019+05:30 DEBUG 20192 --- [skillforge-backend] [nio-8081-exec-7] horizationManagerBeforeMethodInterceptor : Authorizing method invocation ReflectiveMethodInvocation: public org.springframework.http.ResponseEntity com.skillforge.controller.LearnerController.getUpcomingExams(com.skillforge.security.UserPrincipal); target is of class [com.skillforge.controller.LearnerController]
2026-03-14T21:54:38.019+05:30 DEBUG 20192 --- [skillforge-backend] [nio-8081-exec-8] horizationManagerBeforeMethodInterceptor : Authorizing method invocation ReflectiveMethodInvocation: public org.springframework.http.ResponseEntity com.skillforge.controller.LearnerController.getRecommendations(com.skillforge.security.UserPrincipal); target is of class [com.skillforge.controller.LearnerController]
2026-03-14T21:54:38.020+05:30 DEBUG 20192 --- [skillforge-backend] [nio-8081-exec-7] horizationManagerBeforeMethodInterceptor : Authorized method invocation ReflectiveMethodInvocation: public org.springframework.http.ResponseEntity com.skillforge.controller.LearnerController.getUpcomingExams(com.skillforge.security.UserPrincipal); target is of class [com.skillforge.controller.LearnerController]
2026-03-14T21:54:38.020+05:30 DEBUG 20192 --- [skillforge-backend] [nio-8081-exec-8] horizationManagerBeforeMethodInterceptor : Authorized method invocation ReflectiveMethodInvocation: public org.springframework.http.ResponseEntity com.skillforge.controller.LearnerController.getRecommendations(com.skillforge.security.UserPrincipal); target is of class [com.skillforge.controller.LearnerController]
2026-03-14T21:54:38.021+05:30 DEBUG 20192 --- [skillforge-backend] [nio-8081-exec-4] o.s.security.web.FilterChainProxy        : Secured GET /api/learner/dashboard/stats
2026-03-14T21:54:38.021+05:30 DEBUG 20192 --- [skillforge-backend] [nio-8081-exec-4] o.s.web.servlet.DispatcherServlet        : GET "/api/learner/dashboard/stats", parameters={}
2026-03-14T21:54:38.022+05:30 DEBUG 20192 --- [skillforge-backend] [nio-8081-exec-4] s.w.s.m.m.a.RequestMappingHandlerMapping : Mapped to com.skillforge.controller.LearnerController#getDashboardStats(UserPrincipal)
2026-03-14T21:54:38.022+05:30 DEBUG 20192 --- [skillforge-backend] [nio-8081-exec-8] org.hibernate.SQL                        : 
    select
        u1_0.user_id,
        u1_0.created_at,
        u1_0.email,
        u1_0.first_name,
        u1_0.is_active,
        u1_0.is_verified,
        u1_0.last_login,
        u1_0.last_name,
        u1_0.password_hash,
        u1_0.profile_picture_url,
        u1_0.role,
        u1_0.updated_at 
    from
        users u1_0 
    where
        u1_0.email=?
Hibernate: 
    select
        u1_0.user_id,
        u1_0.created_at,
        u1_0.email,
        u1_0.first_name,
        u1_0.is_active,
        u1_0.is_verified,
        u1_0.last_login,
        u1_0.last_name,
        u1_0.password_hash,
        u1_0.profile_picture_url,
        u1_0.role,
        u1_0.updated_at 
    from
        users u1_0 
    where
        u1_0.email=?
2026-03-14T21:54:38.022+05:30 DEBUG 20192 --- [skillforge-backend] [nio-8081-exec-7] org.hibernate.SQL                        : 
    select
        u1_0.user_id,
        u1_0.created_at,
        u1_0.email,
        u1_0.first_name,
        u1_0.is_active,
        u1_0.is_verified,
        u1_0.last_login,
        u1_0.last_name,
        u1_0.password_hash,
        u1_0.profile_picture_url,
        u1_0.role,
        u1_0.updated_at 
    from
        users u1_0 
    where
        u1_0.email=?
Hibernate: 
    select
        u1_0.user_id,
        u1_0.created_at,
        u1_0.email,
        u1_0.first_name,
        u1_0.is_active,
        u1_0.is_verified,
        u1_0.last_login,
        u1_0.last_name,
        u1_0.password_hash,
        u1_0.profile_picture_url,
        u1_0.role,
        u1_0.updated_at 
    from
        users u1_0 
    where
        u1_0.email=?
2026-03-14T21:54:38.023+05:30 DEBUG 20192 --- [skillforge-backend] [nio-8081-exec-4] horizationManagerBeforeMethodInterceptor : Authorizing method invocation ReflectiveMethodInvocation: public org.springframework.http.ResponseEntity com.skillforge.controller.LearnerController.getDashboardStats(com.skillforge.security.UserPrincipal); target is of class [com.skillforge.controller.LearnerController]
2026-03-14T21:54:38.026+05:30 DEBUG 20192 --- [skillforge-backend] [nio-8081-exec-4] horizationManagerBeforeMethodInterceptor : Authorized method invocation ReflectiveMethodInvocation: public org.springframework.http.ResponseEntity com.skillforge.controller.LearnerController.getDashboardStats(com.skillforge.security.UserPrincipal); target is of class [com.skillforge.controller.LearnerController]
2026-03-14T21:54:38.029+05:30 DEBUG 20192 --- [skillforge-backend] [nio-8081-exec-4] org.hibernate.SQL                        : 
    select
        u1_0.user_id,
        u1_0.created_at,
        u1_0.email,
        u1_0.first_name,
        u1_0.is_active,
        u1_0.is_verified,
        u1_0.last_login,
        u1_0.last_name,
        u1_0.password_hash,
        u1_0.profile_picture_url,
        u1_0.role,
        u1_0.updated_at 
    from
        users u1_0 
    where
        u1_0.email=?
Hibernate: 
    select
        u1_0.user_id,
        u1_0.created_at,
        u1_0.email,
        u1_0.first_name,
        u1_0.is_active,
        u1_0.is_verified,
        u1_0.last_login,
        u1_0.last_name,
        u1_0.password_hash,
        u1_0.profile_picture_url,
        u1_0.role,
        u1_0.updated_at 
    from
        users u1_0 
    where
        u1_0.email=?
2026-03-14T21:54:38.029+05:30 DEBUG 20192 --- [skillforge-backend] [nio-8081-exec-8] org.hibernate.SQL                        : 
    select
        e1_0.enrollment_id,
        e1_0.completed_at,
        e1_0.enrolled_at,
        e1_0.goal_id,
        e1_0.last_accessed,
        e1_0.learner_id,
        e1_0.progress_percentage,
        e1_0.status 
    from
        enrollments e1_0 
    where
        e1_0.learner_id=?
Hibernate: 
    select
        e1_0.enrollment_id,
        e1_0.completed_at,
        e1_0.enrolled_at,
        e1_0.goal_id,
        e1_0.last_accessed,
        e1_0.learner_id,
        e1_0.progress_percentage,
        e1_0.status 
    from
        enrollments e1_0 
    where
        e1_0.learner_id=?
2026-03-14T21:54:38.029+05:30 DEBUG 20192 --- [skillforge-backend] [nio-8081-exec-7] org.hibernate.SQL                        : 
    select
        e1_0.enrollment_id,
        e1_0.completed_at,
        e1_0.enrolled_at,
        e1_0.goal_id,
        e1_0.last_accessed,
        e1_0.learner_id,
        e1_0.progress_percentage,
        e1_0.status 
    from
        enrollments e1_0 
    where
        e1_0.learner_id=?
Hibernate: 
    select
        e1_0.enrollment_id,
        e1_0.completed_at,
        e1_0.enrolled_at,
        e1_0.goal_id,
        e1_0.last_accessed,
        e1_0.learner_id,
        e1_0.progress_percentage,
        e1_0.status 
    from
        enrollments e1_0 
    where
        e1_0.learner_id=?
2026-03-14T21:54:38.033+05:30 DEBUG 20192 --- [skillforge-backend] [nio-8081-exec-7] org.hibernate.SQL                        : 
    select
        lg1_0.goal_id,
        lg1_0.created_at,
        lg1_0.description,
        lg1_0.difficulty_level,
        lg1_0.instructor_id,
        i1_0.user_id,
        i1_0.created_at,
        i1_0.email,
        i1_0.first_name,
        i1_0.is_active,
        i1_0.is_verified,
        i1_0.last_login,
        i1_0.last_name,
        i1_0.password_hash,
        i1_0.profile_picture_url,
        i1_0.role,
        i1_0.updated_at,
        lg1_0.is_published,
        lg1_0.learning_outcomes,
        lg1_0.prerequisites,
        lg1_0.subject,
        lg1_0.title,
        lg1_0.updated_at 
    from
        learning_goals lg1_0 
    join
        users i1_0 
            on i1_0.user_id=lg1_0.instructor_id 
    where
        lg1_0.goal_id=?
Hibernate: 
    select
        lg1_0.goal_id,
        lg1_0.created_at,
        lg1_0.description,
        lg1_0.difficulty_level,
        lg1_0.instructor_id,
        i1_0.user_id,
        i1_0.created_at,
        i1_0.email,
        i1_0.first_name,
        i1_0.is_active,
        i1_0.is_verified,
        i1_0.last_login,
        i1_0.last_name,
        i1_0.password_hash,
        i1_0.profile_picture_url,
        i1_0.role,
        i1_0.updated_at,
        lg1_0.is_published,
        lg1_0.learning_outcomes,
        lg1_0.prerequisites,
        lg1_0.subject,
        lg1_0.title,
        lg1_0.updated_at 
    from
        learning_goals lg1_0 
    join
        users i1_0 
            on i1_0.user_id=lg1_0.instructor_id 
    where
        lg1_0.goal_id=?
2026-03-14T21:54:38.033+05:30 DEBUG 20192 --- [skillforge-backend] [nio-8081-exec-8] org.hibernate.SQL                        : 
    select
        lg1_0.goal_id,
        lg1_0.created_at,
        lg1_0.description,
        lg1_0.difficulty_level,
        lg1_0.instructor_id,
        i1_0.user_id,
        i1_0.created_at,
        i1_0.email,
        i1_0.first_name,
        i1_0.is_active,
        i1_0.is_verified,
        i1_0.last_login,
        i1_0.last_name,
        i1_0.password_hash,
        i1_0.profile_picture_url,
        i1_0.role,
        i1_0.updated_at,
        lg1_0.is_published,
        lg1_0.learning_outcomes,
        lg1_0.prerequisites,
        lg1_0.subject,
        lg1_0.title,
        lg1_0.updated_at 
    from
        learning_goals lg1_0 
    join
        users i1_0 
            on i1_0.user_id=lg1_0.instructor_id 
    where
        lg1_0.goal_id=?
Hibernate: 
    select
        lg1_0.goal_id,
        lg1_0.created_at,
        lg1_0.description,
        lg1_0.difficulty_level,
        lg1_0.instructor_id,
        i1_0.user_id,
        i1_0.created_at,
        i1_0.email,
        i1_0.first_name,
        i1_0.is_active,
        i1_0.is_verified,
        i1_0.last_login,
        i1_0.last_name,
        i1_0.password_hash,
        i1_0.profile_picture_url,
        i1_0.role,
        i1_0.updated_at,
        lg1_0.is_published,
        lg1_0.learning_outcomes,
        lg1_0.prerequisites,
        lg1_0.subject,
        lg1_0.title,
        lg1_0.updated_at 
    from
        learning_goals lg1_0 
    join
        users i1_0 
            on i1_0.user_id=lg1_0.instructor_id 
    where
        lg1_0.goal_id=?
2026-03-14T21:54:38.037+05:30 DEBUG 20192 --- [skillforge-backend] [nio-8081-exec-4] org.hibernate.SQL                        : 
    select
        e1_0.enrollment_id,
        e1_0.completed_at,
        e1_0.enrolled_at,
        e1_0.goal_id,
        e1_0.last_accessed,
        e1_0.learner_id,
        e1_0.progress_percentage,
        e1_0.status 
    from
        enrollments e1_0 
    where
        e1_0.learner_id=?
Hibernate: 
    select
        e1_0.enrollment_id,
        e1_0.completed_at,
        e1_0.enrolled_at,
        e1_0.goal_id,
        e1_0.last_accessed,
        e1_0.learner_id,
        e1_0.progress_percentage,
        e1_0.status 
    from
        enrollments e1_0 
    where
        e1_0.learner_id=?
2026-03-14T21:54:38.038+05:30 DEBUG 20192 --- [skillforge-backend] [nio-8081-exec-7] org.hibernate.SQL                        : 
    select
        lg1_0.goal_id,
        lg1_0.created_at,
        lg1_0.description,
        lg1_0.difficulty_level,
        lg1_0.instructor_id,
        i1_0.user_id,
        i1_0.created_at,
        i1_0.email,
        i1_0.first_name,
        i1_0.is_active,
        i1_0.is_verified,
        i1_0.last_login,
        i1_0.last_name,
        i1_0.password_hash,
        i1_0.profile_picture_url,
        i1_0.role,
        i1_0.updated_at,
        lg1_0.is_published,
        lg1_0.learning_outcomes,
        lg1_0.prerequisites,
        lg1_0.subject,
        lg1_0.title,
        lg1_0.updated_at 
    from
        learning_goals lg1_0 
    join
        users i1_0 
            on i1_0.user_id=lg1_0.instructor_id 
    where
        lg1_0.goal_id=?
Hibernate: 
    select
        lg1_0.goal_id,
        lg1_0.created_at,
        lg1_0.description,
        lg1_0.difficulty_level,
        lg1_0.instructor_id,
        i1_0.user_id,
        i1_0.created_at,
        i1_0.email,
        i1_0.first_name,
        i1_0.is_active,
        i1_0.is_verified,
        i1_0.last_login,
        i1_0.last_name,
        i1_0.password_hash,
        i1_0.profile_picture_url,
        i1_0.role,
        i1_0.updated_at,
        lg1_0.is_published,
        lg1_0.learning_outcomes,
        lg1_0.prerequisites,
        lg1_0.subject,
        lg1_0.title,
        lg1_0.updated_at 
    from
        learning_goals lg1_0 
    join
        users i1_0 
            on i1_0.user_id=lg1_0.instructor_id 
    where
        lg1_0.goal_id=?
2026-03-14T21:54:38.039+05:30 DEBUG 20192 --- [skillforge-backend] [nio-8081-exec-8] org.hibernate.SQL                        : 
    select
        lg1_0.goal_id,
        lg1_0.created_at,
        lg1_0.description,
        lg1_0.difficulty_level,
        lg1_0.instructor_id,
        i1_0.user_id,
        i1_0.created_at,
        i1_0.email,
        i1_0.first_name,
        i1_0.is_active,
        i1_0.is_verified,
        i1_0.last_login,
        i1_0.last_name,
        i1_0.password_hash,
        i1_0.profile_picture_url,
        i1_0.role,
        i1_0.updated_at,
        lg1_0.is_published,
        lg1_0.learning_outcomes,
        lg1_0.prerequisites,
        lg1_0.subject,
        lg1_0.title,
        lg1_0.updated_at 
    from
        learning_goals lg1_0 
    join
        users i1_0 
            on i1_0.user_id=lg1_0.instructor_id 
    where
        lg1_0.goal_id=?
Hibernate: 
    select
        lg1_0.goal_id,
        lg1_0.created_at,
        lg1_0.description,
        lg1_0.difficulty_level,
        lg1_0.instructor_id,
        i1_0.user_id,
        i1_0.created_at,
        i1_0.email,
        i1_0.first_name,
        i1_0.is_active,
        i1_0.is_verified,
        i1_0.last_login,
        i1_0.last_name,
        i1_0.password_hash,
        i1_0.profile_picture_url,
        i1_0.role,
        i1_0.updated_at,
        lg1_0.is_published,
        lg1_0.learning_outcomes,
        lg1_0.prerequisites,
        lg1_0.subject,
        lg1_0.title,
        lg1_0.updated_at 
    from
        learning_goals lg1_0 
    join
        users i1_0 
            on i1_0.user_id=lg1_0.instructor_id 
    where
        lg1_0.goal_id=?
2026-03-14T21:54:38.044+05:30 DEBUG 20192 --- [skillforge-backend] [nio-8081-exec-7] org.hibernate.SQL                        : 
    select
        lg1_0.goal_id,
        lg1_0.created_at,
        lg1_0.description,
        lg1_0.difficulty_level,
        lg1_0.instructor_id,
        i1_0.user_id,
        i1_0.created_at,
        i1_0.email,
        i1_0.first_name,
        i1_0.is_active,
        i1_0.is_verified,
        i1_0.last_login,
        i1_0.last_name,
        i1_0.password_hash,
        i1_0.profile_picture_url,
        i1_0.role,
        i1_0.updated_at,
        lg1_0.is_published,
        lg1_0.learning_outcomes,
        lg1_0.prerequisites,
        lg1_0.subject,
        lg1_0.title,
        lg1_0.updated_at 
    from
        learning_goals lg1_0 
    join
        users i1_0 
            on i1_0.user_id=lg1_0.instructor_id 
    where
        lg1_0.goal_id=?
Hibernate: 
    select
        lg1_0.goal_id,
        lg1_0.created_at,
        lg1_0.description,
        lg1_0.difficulty_level,
        lg1_0.instructor_id,
        i1_0.user_id,
        i1_0.created_at,
        i1_0.email,
        i1_0.first_name,
        i1_0.is_active,
        i1_0.is_verified,
        i1_0.last_login,
        i1_0.last_name,
        i1_0.password_hash,
        i1_0.profile_picture_url,
        i1_0.role,
        i1_0.updated_at,
        lg1_0.is_published,
        lg1_0.learning_outcomes,
        lg1_0.prerequisites,
        lg1_0.subject,
        lg1_0.title,
        lg1_0.updated_at 
    from
        learning_goals lg1_0 
    join
        users i1_0 
            on i1_0.user_id=lg1_0.instructor_id 
    where
        lg1_0.goal_id=?
2026-03-14T21:54:38.044+05:30 DEBUG 20192 --- [skillforge-backend] [nio-8081-exec-8] org.hibernate.SQL                        : 
    select
        lg1_0.goal_id,
        lg1_0.created_at,
        lg1_0.description,
        lg1_0.difficulty_level,
        lg1_0.instructor_id,
        i1_0.user_id,
        i1_0.created_at,
        i1_0.email,
        i1_0.first_name,
        i1_0.is_active,
        i1_0.is_verified,
        i1_0.last_login,
        i1_0.last_name,
        i1_0.password_hash,
        i1_0.profile_picture_url,
        i1_0.role,
        i1_0.updated_at,
        lg1_0.is_published,
        lg1_0.learning_outcomes,
        lg1_0.prerequisites,
        lg1_0.subject,
        lg1_0.title,
        lg1_0.updated_at 
    from
        learning_goals lg1_0 
    join
        users i1_0 
            on i1_0.user_id=lg1_0.instructor_id 
    where
        lg1_0.goal_id=?
Hibernate: 
    select
        lg1_0.goal_id,
        lg1_0.created_at,
        lg1_0.description,
        lg1_0.difficulty_level,
        lg1_0.instructor_id,
        i1_0.user_id,
        i1_0.created_at,
        i1_0.email,
        i1_0.first_name,
        i1_0.is_active,
        i1_0.is_verified,
        i1_0.last_login,
        i1_0.last_name,
        i1_0.password_hash,
        i1_0.profile_picture_url,
        i1_0.role,
        i1_0.updated_at,
        lg1_0.is_published,
        lg1_0.learning_outcomes,
        lg1_0.prerequisites,
        lg1_0.subject,
        lg1_0.title,
        lg1_0.updated_at 
    from
        learning_goals lg1_0 
    join
        users i1_0 
            on i1_0.user_id=lg1_0.instructor_id 
    where
        lg1_0.goal_id=?
2026-03-14T21:54:38.045+05:30 DEBUG 20192 --- [skillforge-backend] [nio-8081-exec-4] org.hibernate.SQL                        : 
    select
        lg1_0.goal_id,
        lg1_0.created_at,
        lg1_0.description,
        lg1_0.difficulty_level,
        lg1_0.instructor_id,
        i1_0.user_id,
        i1_0.created_at,
        i1_0.email,
        i1_0.first_name,
        i1_0.is_active,
        i1_0.is_verified,
        i1_0.last_login,
        i1_0.last_name,
        i1_0.password_hash,
        i1_0.profile_picture_url,
        i1_0.role,
        i1_0.updated_at,
        lg1_0.is_published,
        lg1_0.learning_outcomes,
        lg1_0.prerequisites,
        lg1_0.subject,
        lg1_0.title,
        lg1_0.updated_at 
    from
        learning_goals lg1_0 
    join
        users i1_0 
            on i1_0.user_id=lg1_0.instructor_id 
    where
        lg1_0.goal_id=?
2026-03-14T21:54:38.047+05:30 DEBUG 20192 --- [skillforge-backend] [nio-8081-exec-7] org.hibernate.SQL                        : 
    select
        lg1_0.goal_id,
        lg1_0.created_at,
        lg1_0.description,
        lg1_0.difficulty_level,
        lg1_0.instructor_id,
        i1_0.user_id,
        i1_0.created_at,
        i1_0.email,
        i1_0.first_name,
        i1_0.is_active,
        i1_0.is_verified,
        i1_0.last_login,
        i1_0.last_name,
        i1_0.password_hash,
        i1_0.profile_picture_url,
        i1_0.role,
        i1_0.updated_at,
        lg1_0.is_published,
        lg1_0.learning_outcomes,
        lg1_0.prerequisites,
        lg1_0.subject,
        lg1_0.title,
        lg1_0.updated_at 
    from
        learning_goals lg1_0 
    join
        users i1_0 
            on i1_0.user_id=lg1_0.instructor_id 
    where
        lg1_0.goal_id=?
Hibernate: 
    select
        lg1_0.goal_id,
        lg1_0.created_at,
        lg1_0.description,
        lg1_0.difficulty_level,
        lg1_0.instructor_id,
        i1_0.user_id,
        i1_0.created_at,
        i1_0.email,
        i1_0.first_name,
        i1_0.is_active,
        i1_0.is_verified,
        i1_0.last_login,
        i1_0.last_name,
        i1_0.password_hash,
        i1_0.profile_picture_url,
        i1_0.role,
        i1_0.updated_at,
        lg1_0.is_published,
        lg1_0.learning_outcomes,
        lg1_0.prerequisites,
        lg1_0.subject,
        lg1_0.title,
        lg1_0.updated_at 
    from
        learning_goals lg1_0 
    join
        users i1_0 
            on i1_0.user_id=lg1_0.instructor_id 
    where
        lg1_0.goal_id=?
Hibernate: 
    select
        lg1_0.goal_id,
        lg1_0.created_at,
        lg1_0.description,
        lg1_0.difficulty_level,
        lg1_0.instructor_id,
        i1_0.user_id,
        i1_0.created_at,
        i1_0.email,
        i1_0.first_name,
        i1_0.is_active,
        i1_0.is_verified,
        i1_0.last_login,
        i1_0.last_name,
        i1_0.password_hash,
        i1_0.profile_picture_url,
        i1_0.role,
        i1_0.updated_at,
        lg1_0.is_published,
        lg1_0.learning_outcomes,
        lg1_0.prerequisites,
        lg1_0.subject,
        lg1_0.title,
        lg1_0.updated_at 
    from
        learning_goals lg1_0 
    join
        users i1_0 
            on i1_0.user_id=lg1_0.instructor_id 
    where
        lg1_0.goal_id=?
2026-03-14T21:54:38.047+05:30 DEBUG 20192 --- [skillforge-backend] [nio-8081-exec-8] org.hibernate.SQL                        : 
    select
        lg1_0.goal_id,
        lg1_0.created_at,
        lg1_0.description,
        lg1_0.difficulty_level,
        lg1_0.instructor_id,
        i1_0.user_id,
        i1_0.created_at,
        i1_0.email,
        i1_0.first_name,
        i1_0.is_active,
        i1_0.is_verified,
        i1_0.last_login,
        i1_0.last_name,
        i1_0.password_hash,
        i1_0.profile_picture_url,
        i1_0.role,
        i1_0.updated_at,
        lg1_0.is_published,
        lg1_0.learning_outcomes,
        lg1_0.prerequisites,
        lg1_0.subject,
        lg1_0.title,
        lg1_0.updated_at 
    from
        learning_goals lg1_0 
    join
        users i1_0 
            on i1_0.user_id=lg1_0.instructor_id 
    where
        lg1_0.goal_id=?
Hibernate: 
    select
        lg1_0.goal_id,
        lg1_0.created_at,
        lg1_0.description,
        lg1_0.difficulty_level,
        lg1_0.instructor_id,
        i1_0.user_id,
        i1_0.created_at,
        i1_0.email,
        i1_0.first_name,
        i1_0.is_active,
        i1_0.is_verified,
        i1_0.last_login,
        i1_0.last_name,
        i1_0.password_hash,
        i1_0.profile_picture_url,
        i1_0.role,
        i1_0.updated_at,
        lg1_0.is_published,
        lg1_0.learning_outcomes,
        lg1_0.prerequisites,
        lg1_0.subject,
        lg1_0.title,
        lg1_0.updated_at 
    from
        learning_goals lg1_0 
    join
        users i1_0 
            on i1_0.user_id=lg1_0.instructor_id 
    where
        lg1_0.goal_id=?
2026-03-14T21:54:38.055+05:30 DEBUG 20192 --- [skillforge-backend] [nio-8081-exec-4] org.hibernate.SQL                        : 
    select
        lg1_0.goal_id,
        lg1_0.created_at,
        lg1_0.description,
        lg1_0.difficulty_level,
        lg1_0.instructor_id,
        i1_0.user_id,
        i1_0.created_at,
        i1_0.email,
        i1_0.first_name,
        i1_0.is_active,
        i1_0.is_verified,
        i1_0.last_login,
        i1_0.last_name,
        i1_0.password_hash,
        i1_0.profile_picture_url,
        i1_0.role,
        i1_0.updated_at,
        lg1_0.is_published,
        lg1_0.learning_outcomes,
        lg1_0.prerequisites,
        lg1_0.subject,
        lg1_0.title,
        lg1_0.updated_at 
    from
        learning_goals lg1_0 
    join
        users i1_0 
            on i1_0.user_id=lg1_0.instructor_id 
    where
        lg1_0.goal_id=?
Hibernate: 
    select
        lg1_0.goal_id,
        lg1_0.created_at,
        lg1_0.description,
        lg1_0.difficulty_level,
        lg1_0.instructor_id,
        i1_0.user_id,
        i1_0.created_at,
        i1_0.email,
        i1_0.first_name,
        i1_0.is_active,
        i1_0.is_verified,
        i1_0.last_login,
        i1_0.last_name,
        i1_0.password_hash,
        i1_0.profile_picture_url,
        i1_0.role,
        i1_0.updated_at,
        lg1_0.is_published,
        lg1_0.learning_outcomes,
        lg1_0.prerequisites,
        lg1_0.subject,
        lg1_0.title,
        lg1_0.updated_at 
    from
        learning_goals lg1_0 
    join
        users i1_0 
            on i1_0.user_id=lg1_0.instructor_id 
    where
        lg1_0.goal_id=?
2026-03-14T21:54:38.059+05:30 DEBUG 20192 --- [skillforge-backend] [nio-8081-exec-4] org.hibernate.SQL                        : 
    select
        lg1_0.goal_id,
        lg1_0.created_at,
        lg1_0.description,
        lg1_0.difficulty_level,
        lg1_0.instructor_id,
        i1_0.user_id,
        i1_0.created_at,
        i1_0.email,
        i1_0.first_name,
        i1_0.is_active,
        i1_0.is_verified,
        i1_0.last_login,
        i1_0.last_name,
        i1_0.password_hash,
        i1_0.profile_picture_url,
        i1_0.role,
        i1_0.updated_at,
        lg1_0.is_published,
        lg1_0.learning_outcomes,
        lg1_0.prerequisites,
        lg1_0.subject,
        lg1_0.title,
        lg1_0.updated_at 
    from
        learning_goals lg1_0 
    join
        users i1_0 
            on i1_0.user_id=lg1_0.instructor_id 
    where
        lg1_0.goal_id=?
Hibernate: 
    select
        lg1_0.goal_id,
        lg1_0.created_at,
        lg1_0.description,
        lg1_0.difficulty_level,
        lg1_0.instructor_id,
        i1_0.user_id,
        i1_0.created_at,
        i1_0.email,
        i1_0.first_name,
        i1_0.is_active,
        i1_0.is_verified,
        i1_0.last_login,
        i1_0.last_name,
        i1_0.password_hash,
        i1_0.profile_picture_url,
        i1_0.role,
        i1_0.updated_at,
        lg1_0.is_published,
        lg1_0.learning_outcomes,
        lg1_0.prerequisites,
        lg1_0.subject,
        lg1_0.title,
        lg1_0.updated_at 
    from
        learning_goals lg1_0 
    join
        users i1_0 
            on i1_0.user_id=lg1_0.instructor_id 
    where
        lg1_0.goal_id=?
2026-03-14T21:54:38.062+05:30 DEBUG 20192 --- [skillforge-backend] [nio-8081-exec-7] org.hibernate.SQL                        : 
    select
        e1_0.exam_id,
        e1_0.conduct_method,
        e1_0.course_id,
        e1_0.created_at,
        e1_0.description,
        e1_0.duration_minutes,
        e1_0.exam_type,
        e1_0.instructor_id,
        e1_0.learner_owner_id,
        e1_0.learning_goals,
        e1_0.passing_score,
        e1_0.scheduled_date,
        e1_0.source_exam_id,
        e1_0.status,
        e1_0.title,
        e1_0.total_questions,
        e1_0.updated_at 
    from
        exams e1_0 
    left join
        learning_goals c1_0 
            on c1_0.goal_id=e1_0.course_id 
    where
        c1_0.goal_id in (?, ?, ?, ?)
Hibernate: 
    select
        e1_0.exam_id,
        e1_0.conduct_method,
        e1_0.course_id,
        e1_0.created_at,
        e1_0.description,
        e1_0.duration_minutes,
        e1_0.exam_type,
        e1_0.instructor_id,
        e1_0.learner_owner_id,
        e1_0.learning_goals,
        e1_0.passing_score,
        e1_0.scheduled_date,
        e1_0.source_exam_id,
        e1_0.status,
        e1_0.title,
        e1_0.total_questions,
        e1_0.updated_at 
    from
        exams e1_0 
    left join
        learning_goals c1_0 
            on c1_0.goal_id=e1_0.course_id 
    where
        c1_0.goal_id in (?, ?, ?, ?)
2026-03-14T21:54:38.062+05:30 DEBUG 20192 --- [skillforge-backend] [nio-8081-exec-4] org.hibernate.SQL                        : 
    select
        lg1_0.goal_id,
        lg1_0.created_at,
        lg1_0.description,
        lg1_0.difficulty_level,
        lg1_0.instructor_id,
        i1_0.user_id,
        i1_0.created_at,
        i1_0.email,
        i1_0.first_name,
        i1_0.is_active,
        i1_0.is_verified,
        i1_0.last_login,
        i1_0.last_name,
        i1_0.password_hash,
        i1_0.profile_picture_url,
        i1_0.role,
        i1_0.updated_at,
        lg1_0.is_published,
        lg1_0.learning_outcomes,
        lg1_0.prerequisites,
        lg1_0.subject,
        lg1_0.title,
        lg1_0.updated_at 
    from
        learning_goals lg1_0 
    join
        users i1_0 
            on i1_0.user_id=lg1_0.instructor_id 
    where
        lg1_0.goal_id=?
Hibernate: 
    select
        lg1_0.goal_id,
        lg1_0.created_at,
        lg1_0.description,
        lg1_0.difficulty_level,
        lg1_0.instructor_id,
        i1_0.user_id,
        i1_0.created_at,
        i1_0.email,
        i1_0.first_name,
        i1_0.is_active,
        i1_0.is_verified,
        i1_0.last_login,
        i1_0.last_name,
        i1_0.password_hash,
        i1_0.profile_picture_url,
        i1_0.role,
        i1_0.updated_at,
        lg1_0.is_published,
        lg1_0.learning_outcomes,
        lg1_0.prerequisites,
        lg1_0.subject,
        lg1_0.title,
        lg1_0.updated_at 
    from
        learning_goals lg1_0 
    join
        users i1_0 
            on i1_0.user_id=lg1_0.instructor_id 
    where
        lg1_0.goal_id=?
2026-03-14T21:54:38.063+05:30 DEBUG 20192 --- [skillforge-backend] [nio-8081-exec-8] org.hibernate.SQL                        : 
    select
        lg1_0.goal_id,
        lg1_0.created_at,
        lg1_0.description,
        lg1_0.difficulty_level,
        lg1_0.instructor_id,
        lg1_0.is_published,
        lg1_0.learning_outcomes,
        lg1_0.prerequisites,
        lg1_0.subject,
        lg1_0.title,
        lg1_0.updated_at 
    from
        learning_goals lg1_0 
    where
        lg1_0.is_published 
    offset
        ? rows 
    fetch
        first ? rows only
Hibernate: 
    select
        lg1_0.goal_id,
        lg1_0.created_at,
        lg1_0.description,
        lg1_0.difficulty_level,
        lg1_0.instructor_id,
        lg1_0.is_published,
        lg1_0.learning_outcomes,
        lg1_0.prerequisites,
        lg1_0.subject,
        lg1_0.title,
        lg1_0.updated_at 
    from
        learning_goals lg1_0 
    where
        lg1_0.is_published 
    offset
        ? rows 
    fetch
        first ? rows only
2026-03-14T21:54:38.075+05:30 DEBUG 20192 --- [skillforge-backend] [nio-8081-exec-4] o.s.w.s.m.m.a.HttpEntityMethodProcessor  : Using 'application/json', given [application/json, text/plain, */*] and supported [application/json, application/*+json]
2026-03-14T21:54:38.075+05:30 DEBUG 20192 --- [skillforge-backend] [nio-8081-exec-4] o.s.w.s.m.m.a.HttpEntityMethodProcessor  : Writing [{currentCourse={module=Computer Science, progress=92.00, title=Data Structures & Algorithms, status= (truncated)...]
2026-03-14T21:54:38.079+05:30 DEBUG 20192 --- [skillforge-backend] [nio-8081-exec-8] o.s.w.s.m.m.a.HttpEntityMethodProcessor  : Using 'application/json', given [application/json, text/plain, */*] and supported [application/json, application/*+json]
2026-03-14T21:54:38.080+05:30 DEBUG 20192 --- [skillforge-backend] [nio-8081-exec-8] o.s.w.s.m.m.a.HttpEntityMethodProcessor  : Writing [[{duration=4h 30m, levelColor=#ef4444, level=ADVANCED, learners=1.2k, rating=4.8, description=Design (truncated)...]
2026-03-14T21:54:38.091+05:30 DEBUG 20192 --- [skillforge-backend] [nio-8081-exec-4] o.s.web.servlet.DispatcherServlet        : Completed 200 OK
2026-03-14T21:54:38.091+05:30 DEBUG 20192 --- [skillforge-backend] [nio-8081-exec-8] o.s.web.servlet.DispatcherServlet        : Completed 200 OK
2026-03-14T21:54:38.093+05:30 DEBUG 20192 --- [skillforge-backend] [nio-8081-exec-2] o.s.security.web.FilterChainProxy        : Securing GET /api/learner/dashboard/recommendations
2026-03-14T21:54:38.093+05:30 DEBUG 20192 --- [skillforge-backend] [io-8081-exec-10] o.s.security.web.FilterChainProxy        : Securing GET /api/learner/dashboard/stats
2026-03-14T21:54:38.095+05:30 DEBUG 20192 --- [skillforge-backend] [nio-8081-exec-7] o.s.w.s.m.m.a.HttpEntityMethodProcessor  : Using 'application/json', given [application/json, text/plain, */*] and supported [application/json, application/*+json]
2026-03-14T21:54:38.096+05:30 DEBUG 20192 --- [skillforge-backend] [nio-8081-exec-7] o.s.w.s.m.m.a.HttpEntityMethodProcessor  : Writing [[{date=TBD, id=1324fcc5-8237-4abb-8988-482f4cde06cd, time=TBD, title=Advanced Java Certification Pra (truncated)...]
2026-03-14T21:54:38.097+05:30 DEBUG 20192 --- [skillforge-backend] [nio-8081-exec-7] o.s.web.servlet.DispatcherServlet        : Completed 200 OK
2026-03-14T21:54:38.100+05:30 DEBUG 20192 --- [skillforge-backend] [io-8081-exec-10] org.hibernate.SQL                        : 
    select
        u1_0.user_id,
        u1_0.created_at,
        u1_0.email,
        u1_0.first_name,
        u1_0.is_active,
        u1_0.is_verified,
        u1_0.last_login,
        u1_0.last_name,
        u1_0.password_hash,
        u1_0.profile_picture_url,
        u1_0.role,
        u1_0.updated_at 
    from
        users u1_0 
    where
        u1_0.email=?
Hibernate: 
    select
        u1_0.user_id,
        u1_0.created_at,
        u1_0.email,
        u1_0.first_name,
        u1_0.is_active,
        u1_0.is_verified,
        u1_0.last_login,
        u1_0.last_name,
        u1_0.password_hash,
        u1_0.profile_picture_url,
        u1_0.role,
        u1_0.updated_at 
    from
        users u1_0 
    where
        u1_0.email=?
2026-03-14T21:54:38.100+05:30 DEBUG 20192 --- [skillforge-backend] [nio-8081-exec-3] o.s.security.web.FilterChainProxy        : Securing GET /api/learner/dashboard/exams
2026-03-14T21:54:38.100+05:30 DEBUG 20192 --- [skillforge-backend] [nio-8081-exec-2] org.hibernate.SQL                        : 
    select
        u1_0.user_id,
        u1_0.created_at,
        u1_0.email,
        u1_0.first_name,
        u1_0.is_active,
        u1_0.is_verified,
        u1_0.last_login,
        u1_0.last_name,
        u1_0.password_hash,
        u1_0.profile_picture_url,
        u1_0.role,
        u1_0.updated_at 
    from
        users u1_0 
    where
        u1_0.email=?
Hibernate: 
    select
        u1_0.user_id,
        u1_0.created_at,
        u1_0.email,
        u1_0.first_name,
        u1_0.is_active,
        u1_0.is_verified,
        u1_0.last_login,
        u1_0.last_name,
        u1_0.password_hash,
        u1_0.profile_picture_url,
        u1_0.role,
        u1_0.updated_at 
    from
        users u1_0 
    where
        u1_0.email=?
2026-03-14T21:54:38.104+05:30 DEBUG 20192 --- [skillforge-backend] [nio-8081-exec-2] o.s.security.web.FilterChainProxy        : Secured GET /api/learner/dashboard/recommendations
2026-03-14T21:54:38.104+05:30 DEBUG 20192 --- [skillforge-backend] [io-8081-exec-10] o.s.security.web.FilterChainProxy        : Secured GET /api/learner/dashboard/stats
2026-03-14T21:54:38.105+05:30 DEBUG 20192 --- [skillforge-backend] [nio-8081-exec-2] o.s.web.servlet.DispatcherServlet        : GET "/api/learner/dashboard/recommendations", parameters={}
2026-03-14T21:54:38.105+05:30 DEBUG 20192 --- [skillforge-backend] [io-8081-exec-10] o.s.web.servlet.DispatcherServlet        : GET "/api/learner/dashboard/stats", parameters={}
2026-03-14T21:54:38.105+05:30 DEBUG 20192 --- [skillforge-backend] [nio-8081-exec-2] s.w.s.m.m.a.RequestMappingHandlerMapping : Mapped to com.skillforge.controller.LearnerController#getRecommendations(UserPrincipal)
2026-03-14T21:54:38.106+05:30 DEBUG 20192 --- [skillforge-backend] [io-8081-exec-10] s.w.s.m.m.a.RequestMappingHandlerMapping : Mapped to com.skillforge.controller.LearnerController#getDashboardStats(UserPrincipal)
2026-03-14T21:54:38.107+05:30 DEBUG 20192 --- [skillforge-backend] [nio-8081-exec-2] horizationManagerBeforeMethodInterceptor : Authorizing method invocation ReflectiveMethodInvocation: public org.springframework.http.ResponseEntity com.skillforge.controller.LearnerController.getRecommendations(com.skillforge.security.UserPrincipal); target is of class [com.skillforge.controller.LearnerController]
2026-03-14T21:54:38.107+05:30 DEBUG 20192 --- [skillforge-backend] [io-8081-exec-10] horizationManagerBeforeMethodInterceptor : Authorizing method invocation ReflectiveMethodInvocation: public org.springframework.http.ResponseEntity com.skillforge.controller.LearnerController.getDashboardStats(com.skillforge.security.UserPrincipal); target is of class [com.skillforge.controller.LearnerController]
2026-03-14T21:54:38.107+05:30 DEBUG 20192 --- [skillforge-backend] [io-8081-exec-10] horizationManagerBeforeMethodInterceptor : Authorized method invocation ReflectiveMethodInvocation: public org.springframework.http.ResponseEntity com.skillforge.controller.LearnerController.getDashboardStats(com.skillforge.security.UserPrincipal); target is of class [com.skillforge.controller.LearnerController]
2026-03-14T21:54:38.107+05:30 DEBUG 20192 --- [skillforge-backend] [nio-8081-exec-2] horizationManagerBeforeMethodInterceptor : Authorized method invocation ReflectiveMethodInvocation: public org.springframework.http.ResponseEntity com.skillforge.controller.LearnerController.getRecommendations(com.skillforge.security.UserPrincipal); target is of class [com.skillforge.controller.LearnerController]
2026-03-14T21:54:38.108+05:30 DEBUG 20192 --- [skillforge-backend] [nio-8081-exec-3] org.hibernate.SQL                        : 
    select
        u1_0.user_id,
        u1_0.created_at,
        u1_0.email,
        u1_0.first_name,
        u1_0.is_active,
        u1_0.is_verified,
        u1_0.last_login,
        u1_0.last_name,
        u1_0.password_hash,
        u1_0.profile_picture_url,
        u1_0.role,
        u1_0.updated_at 
    from
        users u1_0 
    where
        u1_0.email=?
Hibernate: 
    select
        u1_0.user_id,
        u1_0.created_at,
        u1_0.email,
        u1_0.first_name,
        u1_0.is_active,
        u1_0.is_verified,
        u1_0.last_login,
        u1_0.last_name,
        u1_0.password_hash,
        u1_0.profile_picture_url,
        u1_0.role,
        u1_0.updated_at 
    from
        users u1_0 
    where
        u1_0.email=?
2026-03-14T21:54:38.110+05:30 DEBUG 20192 --- [skillforge-backend] [io-8081-exec-10] org.hibernate.SQL                        : 
    select
        u1_0.user_id,
        u1_0.created_at,
        u1_0.email,
        u1_0.first_name,
        u1_0.is_active,
        u1_0.is_verified,
        u1_0.last_login,
        u1_0.last_name,
        u1_0.password_hash,
        u1_0.profile_picture_url,
        u1_0.role,
        u1_0.updated_at 
    from
        users u1_0 
    where
        u1_0.email=?
2026-03-14T21:54:38.110+05:30 DEBUG 20192 --- [skillforge-backend] [nio-8081-exec-2] org.hibernate.SQL                        : 
    select
        u1_0.user_id,
        u1_0.created_at,
        u1_0.email,
        u1_0.first_name,
        u1_0.is_active,
        u1_0.is_verified,
        u1_0.last_login,
        u1_0.last_name,
        u1_0.password_hash,
        u1_0.profile_picture_url,
        u1_0.role,
        u1_0.updated_at 
    from
        users u1_0 
    where
        u1_0.email=?
Hibernate: 
    select
        u1_0.user_id,
        u1_0.created_at,
        u1_0.email,
        u1_0.first_name,
        u1_0.is_active,
        u1_0.is_verified,
        u1_0.last_login,
        u1_0.last_name,
        u1_0.password_hash,
        u1_0.profile_picture_url,
        u1_0.role,
        u1_0.updated_at 
    from
        users u1_0 
    where
        u1_0.email=?
2026-03-14T21:54:38.112+05:30 DEBUG 20192 --- [skillforge-backend] [nio-8081-exec-3] o.s.security.web.FilterChainProxy        : Secured GET /api/learner/dashboard/exams
Hibernate: 
    select
        u1_0.user_id,
        u1_0.created_at,
        u1_0.email,
        u1_0.first_name,
        u1_0.is_active,
        u1_0.is_verified,
        u1_0.last_login,
        u1_0.last_name,
        u1_0.password_hash,
        u1_0.profile_picture_url,
        u1_0.role,
        u1_0.updated_at 
    from
        users u1_0 
    where
        u1_0.email=?
2026-03-14T21:54:38.112+05:30 DEBUG 20192 --- [skillforge-backend] [nio-8081-exec-3] o.s.web.servlet.DispatcherServlet        : GET "/api/learner/dashboard/exams", parameters={}
2026-03-14T21:54:38.113+05:30 DEBUG 20192 --- [skillforge-backend] [nio-8081-exec-3] s.w.s.m.m.a.RequestMappingHandlerMapping : Mapped to com.skillforge.controller.LearnerController#getUpcomingExams(UserPrincipal)
2026-03-14T21:54:38.114+05:30 DEBUG 20192 --- [skillforge-backend] [nio-8081-exec-3] horizationManagerBeforeMethodInterceptor : Authorizing method invocation ReflectiveMethodInvocation: public org.springframework.http.ResponseEntity com.skillforge.controller.LearnerController.getUpcomingExams(com.skillforge.security.UserPrincipal); target is of class [com.skillforge.controller.LearnerController]
2026-03-14T21:54:38.114+05:30 DEBUG 20192 --- [skillforge-backend] [nio-8081-exec-2] org.hibernate.SQL                        : 
    select
        e1_0.enrollment_id,
        e1_0.completed_at,
        e1_0.enrolled_at,
        e1_0.goal_id,
        e1_0.last_accessed,
        e1_0.learner_id,
        e1_0.progress_percentage,
        e1_0.status 
    from
        enrollments e1_0 
    where
        e1_0.learner_id=?
2026-03-14T21:54:38.114+05:30 DEBUG 20192 --- [skillforge-backend] [io-8081-exec-10] org.hibernate.SQL                        : 
    select
        e1_0.enrollment_id,
        e1_0.completed_at,
        e1_0.enrolled_at,
        e1_0.goal_id,
        e1_0.last_accessed,
        e1_0.learner_id,
        e1_0.progress_percentage,
        e1_0.status 
    from
        enrollments e1_0 
    where
        e1_0.learner_id=?
Hibernate: 
    select
        e1_0.enrollment_id,
        e1_0.completed_at,
        e1_0.enrolled_at,
        e1_0.goal_id,
        e1_0.last_accessed,
        e1_0.learner_id,
        e1_0.progress_percentage,
        e1_0.status 
    from
        enrollments e1_0 
    where
        e1_0.learner_id=?
Hibernate: 
    select
        e1_0.enrollment_id,
        e1_0.completed_at,
        e1_0.enrolled_at,
        e1_0.goal_id,
        e1_0.last_accessed,
        e1_0.learner_id,
        e1_0.progress_percentage,
        e1_0.status 
    from
        enrollments e1_0 
    where
        e1_0.learner_id=?
2026-03-14T21:54:38.114+05:30 DEBUG 20192 --- [skillforge-backend] [nio-8081-exec-3] horizationManagerBeforeMethodInterceptor : Authorized method invocation ReflectiveMethodInvocation: public org.springframework.http.ResponseEntity com.skillforge.controller.LearnerController.getUpcomingExams(com.skillforge.security.UserPrincipal); target is of class [com.skillforge.controller.LearnerController]
2026-03-14T21:54:38.116+05:30 DEBUG 20192 --- [skillforge-backend] [nio-8081-exec-2] org.hibernate.SQL                        : 
    select
        lg1_0.goal_id,
        lg1_0.created_at,
        lg1_0.description,
        lg1_0.difficulty_level,
        lg1_0.instructor_id,
        i1_0.user_id,
        i1_0.created_at,
        i1_0.email,
        i1_0.first_name,
        i1_0.is_active,
        i1_0.is_verified,
        i1_0.last_login,
        i1_0.last_name,
        i1_0.password_hash,
        i1_0.profile_picture_url,
        i1_0.role,
        i1_0.updated_at,
        lg1_0.is_published,
        lg1_0.learning_outcomes,
        lg1_0.prerequisites,
        lg1_0.subject,
        lg1_0.title,
        lg1_0.updated_at 
    from
        learning_goals lg1_0 
    join
        users i1_0 
            on i1_0.user_id=lg1_0.instructor_id 
    where
        lg1_0.goal_id=?
Hibernate: 
    select
        lg1_0.goal_id,
        lg1_0.created_at,
        lg1_0.description,
        lg1_0.difficulty_level,
        lg1_0.instructor_id,
        i1_0.user_id,
        i1_0.created_at,
        i1_0.email,
        i1_0.first_name,
        i1_0.is_active,
        i1_0.is_verified,
        i1_0.last_login,
        i1_0.last_name,
        i1_0.password_hash,
        i1_0.profile_picture_url,
        i1_0.role,
        i1_0.updated_at,
        lg1_0.is_published,
        lg1_0.learning_outcomes,
        lg1_0.prerequisites,
        lg1_0.subject,
        lg1_0.title,
        lg1_0.updated_at 
    from
        learning_goals lg1_0 
    join
        users i1_0 
            on i1_0.user_id=lg1_0.instructor_id 
    where
        lg1_0.goal_id=?
2026-03-14T21:54:38.116+05:30 DEBUG 20192 --- [skillforge-backend] [io-8081-exec-10] org.hibernate.SQL                        : 
    select
        lg1_0.goal_id,
        lg1_0.created_at,
        lg1_0.description,
        lg1_0.difficulty_level,
        lg1_0.instructor_id,
        i1_0.user_id,
        i1_0.created_at,
        i1_0.email,
        i1_0.first_name,
        i1_0.is_active,
        i1_0.is_verified,
        i1_0.last_login,
        i1_0.last_name,
        i1_0.password_hash,
        i1_0.profile_picture_url,
        i1_0.role,
        i1_0.updated_at,
        lg1_0.is_published,
        lg1_0.learning_outcomes,
        lg1_0.prerequisites,
        lg1_0.subject,
        lg1_0.title,
        lg1_0.updated_at 
    from
        learning_goals lg1_0 
    join
        users i1_0 
            on i1_0.user_id=lg1_0.instructor_id 
    where
        lg1_0.goal_id=?
Hibernate: 
    select
        lg1_0.goal_id,
        lg1_0.created_at,
        lg1_0.description,
        lg1_0.difficulty_level,
        lg1_0.instructor_id,
        i1_0.user_id,
        i1_0.created_at,
        i1_0.email,
        i1_0.first_name,
        i1_0.is_active,
        i1_0.is_verified,
        i1_0.last_login,
        i1_0.last_name,
        i1_0.password_hash,
        i1_0.profile_picture_url,
        i1_0.role,
        i1_0.updated_at,
        lg1_0.is_published,
        lg1_0.learning_outcomes,
        lg1_0.prerequisites,
        lg1_0.subject,
        lg1_0.title,
        lg1_0.updated_at 
    from
        learning_goals lg1_0 
    join
        users i1_0 
            on i1_0.user_id=lg1_0.instructor_id 
    where
        lg1_0.goal_id=?
2026-03-14T21:54:38.117+05:30 DEBUG 20192 --- [skillforge-backend] [nio-8081-exec-3] org.hibernate.SQL                        : 
    select
        u1_0.user_id,
        u1_0.created_at,
        u1_0.email,
        u1_0.first_name,
        u1_0.is_active,
        u1_0.is_verified,
        u1_0.last_login,
        u1_0.last_name,
        u1_0.password_hash,
        u1_0.profile_picture_url,
        u1_0.role,
        u1_0.updated_at 
    from
        users u1_0 
    where
        u1_0.email=?
Hibernate: 
    select
        u1_0.user_id,
        u1_0.created_at,
        u1_0.email,
        u1_0.first_name,
        u1_0.is_active,
        u1_0.is_verified,
        u1_0.last_login,
        u1_0.last_name,
        u1_0.password_hash,
        u1_0.profile_picture_url,
        u1_0.role,
        u1_0.updated_at 
    from
        users u1_0 
    where
        u1_0.email=?
2026-03-14T21:54:38.118+05:30 DEBUG 20192 --- [skillforge-backend] [nio-8081-exec-2] org.hibernate.SQL                        : 
    select
        lg1_0.goal_id,
        lg1_0.created_at,
        lg1_0.description,
        lg1_0.difficulty_level,
        lg1_0.instructor_id,
        i1_0.user_id,
        i1_0.created_at,
        i1_0.email,
        i1_0.first_name,
        i1_0.is_active,
        i1_0.is_verified,
        i1_0.last_login,
        i1_0.last_name,
        i1_0.password_hash,
        i1_0.profile_picture_url,
        i1_0.role,
        i1_0.updated_at,
        lg1_0.is_published,
        lg1_0.learning_outcomes,
        lg1_0.prerequisites,
        lg1_0.subject,
        lg1_0.title,
        lg1_0.updated_at 
    from
        learning_goals lg1_0 
    join
        users i1_0 
            on i1_0.user_id=lg1_0.instructor_id 
    where
        lg1_0.goal_id=?
Hibernate: 
    select
        lg1_0.goal_id,
        lg1_0.created_at,
        lg1_0.description,
        lg1_0.difficulty_level,
        lg1_0.instructor_id,
        i1_0.user_id,
        i1_0.created_at,
        i1_0.email,
        i1_0.first_name,
        i1_0.is_active,
        i1_0.is_verified,
        i1_0.last_login,
        i1_0.last_name,
        i1_0.password_hash,
        i1_0.profile_picture_url,
        i1_0.role,
        i1_0.updated_at,
        lg1_0.is_published,
        lg1_0.learning_outcomes,
        lg1_0.prerequisites,
        lg1_0.subject,
        lg1_0.title,
        lg1_0.updated_at 
    from
        learning_goals lg1_0 
    join
        users i1_0 
            on i1_0.user_id=lg1_0.instructor_id 
    where
        lg1_0.goal_id=?
2026-03-14T21:54:38.118+05:30 DEBUG 20192 --- [skillforge-backend] [io-8081-exec-10] org.hibernate.SQL                        : 
    select
        lg1_0.goal_id,
        lg1_0.created_at,
        lg1_0.description,
        lg1_0.difficulty_level,
        lg1_0.instructor_id,
        i1_0.user_id,
        i1_0.created_at,
        i1_0.email,
        i1_0.first_name,
        i1_0.is_active,
        i1_0.is_verified,
        i1_0.last_login,
        i1_0.last_name,
        i1_0.password_hash,
        i1_0.profile_picture_url,
        i1_0.role,
        i1_0.updated_at,
        lg1_0.is_published,
        lg1_0.learning_outcomes,
        lg1_0.prerequisites,
        lg1_0.subject,
        lg1_0.title,
        lg1_0.updated_at 
    from
        learning_goals lg1_0 
    join
        users i1_0 
            on i1_0.user_id=lg1_0.instructor_id 
    where
        lg1_0.goal_id=?
Hibernate: 
    select
        lg1_0.goal_id,
        lg1_0.created_at,
        lg1_0.description,
        lg1_0.difficulty_level,
        lg1_0.instructor_id,
        i1_0.user_id,
        i1_0.created_at,
        i1_0.email,
        i1_0.first_name,
        i1_0.is_active,
        i1_0.is_verified,
        i1_0.last_login,
        i1_0.last_name,
        i1_0.password_hash,
        i1_0.profile_picture_url,
        i1_0.role,
        i1_0.updated_at,
        lg1_0.is_published,
        lg1_0.learning_outcomes,
        lg1_0.prerequisites,
        lg1_0.subject,
        lg1_0.title,
        lg1_0.updated_at 
    from
        learning_goals lg1_0 
    join
        users i1_0 
            on i1_0.user_id=lg1_0.instructor_id 
    where
        lg1_0.goal_id=?
2026-03-14T21:54:38.119+05:30 DEBUG 20192 --- [skillforge-backend] [nio-8081-exec-2] org.hibernate.SQL                        : 
    select
        lg1_0.goal_id,
        lg1_0.created_at,
        lg1_0.description,
        lg1_0.difficulty_level,
        lg1_0.instructor_id,
        i1_0.user_id,
        i1_0.created_at,
        i1_0.email,
        i1_0.first_name,
        i1_0.is_active,
        i1_0.is_verified,
        i1_0.last_login,
        i1_0.last_name,
        i1_0.password_hash,
        i1_0.profile_picture_url,
        i1_0.role,
        i1_0.updated_at,
        lg1_0.is_published,
        lg1_0.learning_outcomes,
        lg1_0.prerequisites,
        lg1_0.subject,
        lg1_0.title,
        lg1_0.updated_at 
    from
        learning_goals lg1_0 
    join
        users i1_0 
            on i1_0.user_id=lg1_0.instructor_id 
    where
        lg1_0.goal_id=?
Hibernate: 
    select
        lg1_0.goal_id,
        lg1_0.created_at,
        lg1_0.description,
        lg1_0.difficulty_level,
        lg1_0.instructor_id,
        i1_0.user_id,
        i1_0.created_at,
        i1_0.email,
        i1_0.first_name,
        i1_0.is_active,
        i1_0.is_verified,
        i1_0.last_login,
        i1_0.last_name,
        i1_0.password_hash,
        i1_0.profile_picture_url,
        i1_0.role,
        i1_0.updated_at,
        lg1_0.is_published,
        lg1_0.learning_outcomes,
        lg1_0.prerequisites,
        lg1_0.subject,
        lg1_0.title,
        lg1_0.updated_at 
    from
        learning_goals lg1_0 
    join
        users i1_0 
            on i1_0.user_id=lg1_0.instructor_id 
    where
        lg1_0.goal_id=?
2026-03-14T21:54:38.120+05:30 DEBUG 20192 --- [skillforge-backend] [nio-8081-exec-3] org.hibernate.SQL                        : 
    select
        e1_0.enrollment_id,
        e1_0.completed_at,
        e1_0.enrolled_at,
        e1_0.goal_id,
        e1_0.last_accessed,
        e1_0.learner_id,
        e1_0.progress_percentage,
        e1_0.status 
    from
        enrollments e1_0 
    where
        e1_0.learner_id=?
Hibernate: 
    select
        e1_0.enrollment_id,
        e1_0.completed_at,
        e1_0.enrolled_at,
        e1_0.goal_id,
        e1_0.last_accessed,
        e1_0.learner_id,
        e1_0.progress_percentage,
        e1_0.status 
    from
        enrollments e1_0 
    where
        e1_0.learner_id=?
2026-03-14T21:54:38.120+05:30 DEBUG 20192 --- [skillforge-backend] [io-8081-exec-10] org.hibernate.SQL                        : 
    select
        lg1_0.goal_id,
        lg1_0.created_at,
        lg1_0.description,
        lg1_0.difficulty_level,
        lg1_0.instructor_id,
        i1_0.user_id,
        i1_0.created_at,
        i1_0.email,
        i1_0.first_name,
        i1_0.is_active,
        i1_0.is_verified,
        i1_0.last_login,
        i1_0.last_name,
        i1_0.password_hash,
        i1_0.profile_picture_url,
        i1_0.role,
        i1_0.updated_at,
        lg1_0.is_published,
        lg1_0.learning_outcomes,
        lg1_0.prerequisites,
        lg1_0.subject,
        lg1_0.title,
        lg1_0.updated_at 
    from
        learning_goals lg1_0 
    join
        users i1_0 
            on i1_0.user_id=lg1_0.instructor_id 
    where
        lg1_0.goal_id=?
Hibernate: 
    select
        lg1_0.goal_id,
        lg1_0.created_at,
        lg1_0.description,
        lg1_0.difficulty_level,
        lg1_0.instructor_id,
        i1_0.user_id,
        i1_0.created_at,
        i1_0.email,
        i1_0.first_name,
        i1_0.is_active,
        i1_0.is_verified,
        i1_0.last_login,
        i1_0.last_name,
        i1_0.password_hash,
        i1_0.profile_picture_url,
        i1_0.role,
        i1_0.updated_at,
        lg1_0.is_published,
        lg1_0.learning_outcomes,
        lg1_0.prerequisites,
        lg1_0.subject,
        lg1_0.title,
        lg1_0.updated_at 
    from
        learning_goals lg1_0 
    join
        users i1_0 
            on i1_0.user_id=lg1_0.instructor_id 
    where
        lg1_0.goal_id=?
2026-03-14T21:54:38.121+05:30 DEBUG 20192 --- [skillforge-backend] [nio-8081-exec-2] org.hibernate.SQL                        : 
    select
        lg1_0.goal_id,
        lg1_0.created_at,
        lg1_0.description,
        lg1_0.difficulty_level,
        lg1_0.instructor_id,
        i1_0.user_id,
        i1_0.created_at,
        i1_0.email,
        i1_0.first_name,
        i1_0.is_active,
        i1_0.is_verified,
        i1_0.last_login,
        i1_0.last_name,
        i1_0.password_hash,
        i1_0.profile_picture_url,
        i1_0.role,
        i1_0.updated_at,
        lg1_0.is_published,
        lg1_0.learning_outcomes,
        lg1_0.prerequisites,
        lg1_0.subject,
        lg1_0.title,
        lg1_0.updated_at 
    from
        learning_goals lg1_0 
    join
        users i1_0 
            on i1_0.user_id=lg1_0.instructor_id 
    where
        lg1_0.goal_id=?
2026-03-14T21:54:38.121+05:30 DEBUG 20192 --- [skillforge-backend] [nio-8081-exec-3] org.hibernate.SQL                        : 
    select
        lg1_0.goal_id,
        lg1_0.created_at,
        lg1_0.description,
        lg1_0.difficulty_level,
        lg1_0.instructor_id,
        i1_0.user_id,
        i1_0.created_at,
        i1_0.email,
        i1_0.first_name,
        i1_0.is_active,
        i1_0.is_verified,
        i1_0.last_login,
        i1_0.last_name,
        i1_0.password_hash,
        i1_0.profile_picture_url,
        i1_0.role,
        i1_0.updated_at,
        lg1_0.is_published,
        lg1_0.learning_outcomes,
        lg1_0.prerequisites,
        lg1_0.subject,
        lg1_0.title,
        lg1_0.updated_at 
    from
        learning_goals lg1_0 
    join
        users i1_0 
            on i1_0.user_id=lg1_0.instructor_id 
    where
        lg1_0.goal_id=?
Hibernate: 
    select
        lg1_0.goal_id,
        lg1_0.created_at,
        lg1_0.description,
        lg1_0.difficulty_level,
        lg1_0.instructor_id,
        i1_0.user_id,
        i1_0.created_at,
        i1_0.email,
        i1_0.first_name,
        i1_0.is_active,
        i1_0.is_verified,
        i1_0.last_login,
        i1_0.last_name,
        i1_0.password_hash,
        i1_0.profile_picture_url,
        i1_0.role,
        i1_0.updated_at,
        lg1_0.is_published,
        lg1_0.learning_outcomes,
        lg1_0.prerequisites,
        lg1_0.subject,
        lg1_0.title,
        lg1_0.updated_at 
    from
        learning_goals lg1_0 
    join
        users i1_0 
            on i1_0.user_id=lg1_0.instructor_id 
    where
        lg1_0.goal_id=?
Hibernate: 
    select
        lg1_0.goal_id,
        lg1_0.created_at,
        lg1_0.description,
        lg1_0.difficulty_level,
        lg1_0.instructor_id,
        i1_0.user_id,
        i1_0.created_at,
        i1_0.email,
        i1_0.first_name,
        i1_0.is_active,
        i1_0.is_verified,
        i1_0.last_login,
        i1_0.last_name,
        i1_0.password_hash,
        i1_0.profile_picture_url,
        i1_0.role,
        i1_0.updated_at,
        lg1_0.is_published,
        lg1_0.learning_outcomes,
        lg1_0.prerequisites,
        lg1_0.subject,
        lg1_0.title,
        lg1_0.updated_at 
    from
        learning_goals lg1_0 
    join
        users i1_0 
            on i1_0.user_id=lg1_0.instructor_id 
    where
        lg1_0.goal_id=?
2026-03-14T21:54:38.124+05:30 DEBUG 20192 --- [skillforge-backend] [io-8081-exec-10] org.hibernate.SQL                        : 
    select
        lg1_0.goal_id,
        lg1_0.created_at,
        lg1_0.description,
        lg1_0.difficulty_level,
        lg1_0.instructor_id,
        i1_0.user_id,
        i1_0.created_at,
        i1_0.email,
        i1_0.first_name,
        i1_0.is_active,
        i1_0.is_verified,
        i1_0.last_login,
        i1_0.last_name,
        i1_0.password_hash,
        i1_0.profile_picture_url,
        i1_0.role,
        i1_0.updated_at,
        lg1_0.is_published,
        lg1_0.learning_outcomes,
        lg1_0.prerequisites,
        lg1_0.subject,
        lg1_0.title,
        lg1_0.updated_at 
    from
        learning_goals lg1_0 
    join
        users i1_0 
            on i1_0.user_id=lg1_0.instructor_id 
    where
        lg1_0.goal_id=?
Hibernate: 
    select
        lg1_0.goal_id,
        lg1_0.created_at,
        lg1_0.description,
        lg1_0.difficulty_level,
        lg1_0.instructor_id,
        i1_0.user_id,
        i1_0.created_at,
        i1_0.email,
        i1_0.first_name,
        i1_0.is_active,
        i1_0.is_verified,
        i1_0.last_login,
        i1_0.last_name,
        i1_0.password_hash,
        i1_0.profile_picture_url,
        i1_0.role,
        i1_0.updated_at,
        lg1_0.is_published,
        lg1_0.learning_outcomes,
        lg1_0.prerequisites,
        lg1_0.subject,
        lg1_0.title,
        lg1_0.updated_at 
    from
        learning_goals lg1_0 
    join
        users i1_0 
            on i1_0.user_id=lg1_0.instructor_id 
    where
        lg1_0.goal_id=?
2026-03-14T21:54:38.125+05:30 DEBUG 20192 --- [skillforge-backend] [nio-8081-exec-3] org.hibernate.SQL                        : 
    select
        lg1_0.goal_id,
        lg1_0.created_at,
        lg1_0.description,
        lg1_0.difficulty_level,
        lg1_0.instructor_id,
        i1_0.user_id,
        i1_0.created_at,
        i1_0.email,
        i1_0.first_name,
        i1_0.is_active,
        i1_0.is_verified,
        i1_0.last_login,
        i1_0.last_name,
        i1_0.password_hash,
        i1_0.profile_picture_url,
        i1_0.role,
        i1_0.updated_at,
        lg1_0.is_published,
        lg1_0.learning_outcomes,
        lg1_0.prerequisites,
        lg1_0.subject,
        lg1_0.title,
        lg1_0.updated_at 
    from
        learning_goals lg1_0 
    join
        users i1_0 
            on i1_0.user_id=lg1_0.instructor_id 
    where
        lg1_0.goal_id=?
Hibernate: 
    select
        lg1_0.goal_id,
        lg1_0.created_at,
        lg1_0.description,
        lg1_0.difficulty_level,
        lg1_0.instructor_id,
        i1_0.user_id,
        i1_0.created_at,
        i1_0.email,
        i1_0.first_name,
        i1_0.is_active,
        i1_0.is_verified,
        i1_0.last_login,
        i1_0.last_name,
        i1_0.password_hash,
        i1_0.profile_picture_url,
        i1_0.role,
        i1_0.updated_at,
        lg1_0.is_published,
        lg1_0.learning_outcomes,
        lg1_0.prerequisites,
        lg1_0.subject,
        lg1_0.title,
        lg1_0.updated_at 
    from
        learning_goals lg1_0 
    join
        users i1_0 
            on i1_0.user_id=lg1_0.instructor_id 
    where
        lg1_0.goal_id=?
2026-03-14T21:54:38.126+05:30 DEBUG 20192 --- [skillforge-backend] [nio-8081-exec-2] org.hibernate.SQL                        : 
    select
        lg1_0.goal_id,
        lg1_0.created_at,
        lg1_0.description,
        lg1_0.difficulty_level,
        lg1_0.instructor_id,
        lg1_0.is_published,
        lg1_0.learning_outcomes,
        lg1_0.prerequisites,
        lg1_0.subject,
        lg1_0.title,
        lg1_0.updated_at 
    from
        learning_goals lg1_0 
    where
        lg1_0.is_published 
    offset
        ? rows 
    fetch
        first ? rows only
2026-03-14T21:54:38.127+05:30 DEBUG 20192 --- [skillforge-backend] [nio-8081-exec-3] org.hibernate.SQL                        : 
    select
        lg1_0.goal_id,
        lg1_0.created_at,
        lg1_0.description,
        lg1_0.difficulty_level,
        lg1_0.instructor_id,
        i1_0.user_id,
        i1_0.created_at,
        i1_0.email,
        i1_0.first_name,
        i1_0.is_active,
        i1_0.is_verified,
        i1_0.last_login,
        i1_0.last_name,
        i1_0.password_hash,
        i1_0.profile_picture_url,
        i1_0.role,
        i1_0.updated_at,
        lg1_0.is_published,
        lg1_0.learning_outcomes,
        lg1_0.prerequisites,
        lg1_0.subject,
        lg1_0.title,
        lg1_0.updated_at 
    from
        learning_goals lg1_0 
    join
        users i1_0 
            on i1_0.user_id=lg1_0.instructor_id 
    where
        lg1_0.goal_id=?
Hibernate: 
    select
        lg1_0.goal_id,
        lg1_0.created_at,
        lg1_0.description,
        lg1_0.difficulty_level,
        lg1_0.instructor_id,
        i1_0.user_id,
        i1_0.created_at,
        i1_0.email,
        i1_0.first_name,
        i1_0.is_active,
        i1_0.is_verified,
        i1_0.last_login,
        i1_0.last_name,
        i1_0.password_hash,
        i1_0.profile_picture_url,
        i1_0.role,
        i1_0.updated_at,
        lg1_0.is_published,
        lg1_0.learning_outcomes,
        lg1_0.prerequisites,
        lg1_0.subject,
        lg1_0.title,
        lg1_0.updated_at 
    from
        learning_goals lg1_0 
    join
        users i1_0 
            on i1_0.user_id=lg1_0.instructor_id 
    where
        lg1_0.goal_id=?
Hibernate: 
    select
        lg1_0.goal_id,
        lg1_0.created_at,
        lg1_0.description,
        lg1_0.difficulty_level,
        lg1_0.instructor_id,
        lg1_0.is_published,
        lg1_0.learning_outcomes,
        lg1_0.prerequisites,
        lg1_0.subject,
        lg1_0.title,
        lg1_0.updated_at 
    from
        learning_goals lg1_0 
    where
        lg1_0.is_published 
    offset
        ? rows 
    fetch
        first ? rows only
2026-03-14T21:54:38.127+05:30 DEBUG 20192 --- [skillforge-backend] [io-8081-exec-10] o.s.w.s.m.m.a.HttpEntityMethodProcessor  : Using 'application/json', given [application/json, text/plain, */*] and supported [application/json, application/*+json]
2026-03-14T21:54:38.128+05:30 DEBUG 20192 --- [skillforge-backend] [io-8081-exec-10] o.s.w.s.m.m.a.HttpEntityMethodProcessor  : Writing [{currentCourse={module=Computer Science, progress=92.00, title=Data Structures & Algorithms, status= (truncated)...]
2026-03-14T21:54:38.128+05:30 DEBUG 20192 --- [skillforge-backend] [nio-8081-exec-3] org.hibernate.SQL                        : 
    select
        lg1_0.goal_id,
        lg1_0.created_at,
        lg1_0.description,
        lg1_0.difficulty_level,
        lg1_0.instructor_id,
        i1_0.user_id,
        i1_0.created_at,
        i1_0.email,
        i1_0.first_name,
        i1_0.is_active,
        i1_0.is_verified,
        i1_0.last_login,
        i1_0.last_name,
        i1_0.password_hash,
        i1_0.profile_picture_url,
        i1_0.role,
        i1_0.updated_at,
        lg1_0.is_published,
        lg1_0.learning_outcomes,
        lg1_0.prerequisites,
        lg1_0.subject,
        lg1_0.title,
        lg1_0.updated_at 
    from
        learning_goals lg1_0 
    join
        users i1_0 
            on i1_0.user_id=lg1_0.instructor_id 
    where
        lg1_0.goal_id=?
Hibernate: 
    select
        lg1_0.goal_id,
        lg1_0.created_at,
        lg1_0.description,
        lg1_0.difficulty_level,
        lg1_0.instructor_id,
        i1_0.user_id,
        i1_0.created_at,
        i1_0.email,
        i1_0.first_name,
        i1_0.is_active,
        i1_0.is_verified,
        i1_0.last_login,
        i1_0.last_name,
        i1_0.password_hash,
        i1_0.profile_picture_url,
        i1_0.role,
        i1_0.updated_at,
        lg1_0.is_published,
        lg1_0.learning_outcomes,
        lg1_0.prerequisites,
        lg1_0.subject,
        lg1_0.title,
        lg1_0.updated_at 
    from
        learning_goals lg1_0 
    join
        users i1_0 
            on i1_0.user_id=lg1_0.instructor_id 
    where
        lg1_0.goal_id=?
2026-03-14T21:54:38.129+05:30 DEBUG 20192 --- [skillforge-backend] [nio-8081-exec-2] o.s.w.s.m.m.a.HttpEntityMethodProcessor  : Using 'application/json', given [application/json, text/plain, */*] and supported [application/json, application/*+json]
2026-03-14T21:54:38.129+05:30 DEBUG 20192 --- [skillforge-backend] [nio-8081-exec-2] o.s.w.s.m.m.a.HttpEntityMethodProcessor  : Writing [[{duration=4h 30m, levelColor=#ef4444, level=ADVANCED, learners=1.2k, rating=4.8, description=Design (truncated)...]
2026-03-14T21:54:38.129+05:30 DEBUG 20192 --- [skillforge-backend] [io-8081-exec-10] o.s.web.servlet.DispatcherServlet        : Completed 200 OK
2026-03-14T21:54:38.130+05:30 DEBUG 20192 --- [skillforge-backend] [nio-8081-exec-2] o.s.web.servlet.DispatcherServlet        : Completed 200 OK
2026-03-14T21:54:38.133+05:30 DEBUG 20192 --- [skillforge-backend] [nio-8081-exec-3] org.hibernate.SQL                        : 
    select
        e1_0.exam_id,
        e1_0.conduct_method,
        e1_0.course_id,
        e1_0.created_at,
        e1_0.description,
        e1_0.duration_minutes,
        e1_0.exam_type,
        e1_0.instructor_id,
        e1_0.learner_owner_id,
        e1_0.learning_goals,
        e1_0.passing_score,
        e1_0.scheduled_date,
        e1_0.source_exam_id,
        e1_0.status,
        e1_0.title,
        e1_0.total_questions,
        e1_0.updated_at 
    from
        exams e1_0 
    left join
        learning_goals c1_0 
            on c1_0.goal_id=e1_0.course_id 
    where
        c1_0.goal_id in (?, ?, ?, ?)
Hibernate: 
    select
        e1_0.exam_id,
        e1_0.conduct_method,
        e1_0.course_id,
        e1_0.created_at,
        e1_0.description,
        e1_0.duration_minutes,
        e1_0.exam_type,
        e1_0.instructor_id,
        e1_0.learner_owner_id,
        e1_0.learning_goals,
        e1_0.passing_score,
        e1_0.scheduled_date,
        e1_0.source_exam_id,
        e1_0.status,
        e1_0.title,
        e1_0.total_questions,
        e1_0.updated_at 
    from
        exams e1_0 
    left join
        learning_goals c1_0 
            on c1_0.goal_id=e1_0.course_id 
    where
        c1_0.goal_id in (?, ?, ?, ?)
2026-03-14T21:54:38.138+05:30 DEBUG 20192 --- [skillforge-backend] [nio-8081-exec-3] o.s.w.s.m.m.a.HttpEntityMethodProcessor  : Using 'application/json', given [application/json, text/plain, */*] and supported [application/json, application/*+json]
2026-03-14T21:54:38.140+05:30 DEBUG 20192 --- [skillforge-backend] [nio-8081-exec-3] o.s.w.s.m.m.a.HttpEntityMethodProcessor  : Writing [[{date=TBD, id=1324fcc5-8237-4abb-8988-482f4cde06cd, time=TBD, title=Advanced Java Certification Pra (truncated)...]
2026-03-14T21:54:38.142+05:30 DEBUG 20192 --- [skillforge-backend] [nio-8081-exec-3] o.s.web.servlet.DispatcherServlet        : Completed 200 OK
2026-03-14T21:57:59.778+05:30 DEBUG 20192 --- [skillforge-backend] [nio-8081-exec-7] o.s.security.web.FilterChainProxy        : Securing POST /api/auth/login
2026-03-14T21:57:59.781+05:30 DEBUG 20192 --- [skillforge-backend] [nio-8081-exec-7] o.s.s.w.a.AnonymousAuthenticationFilter  : Set SecurityContextHolder to anonymous SecurityContext
2026-03-14T21:57:59.782+05:30 DEBUG 20192 --- [skillforge-backend] [nio-8081-exec-7] o.s.security.web.FilterChainProxy        : Secured POST /api/auth/login
2026-03-14T21:57:59.783+05:30 DEBUG 20192 --- [skillforge-backend] [nio-8081-exec-7] o.s.web.servlet.DispatcherServlet        : POST "/api/auth/login", parameters={}
2026-03-14T21:57:59.783+05:30 DEBUG 20192 --- [skillforge-backend] [nio-8081-exec-7] s.w.s.m.m.a.RequestMappingHandlerMapping : Mapped to com.skillforge.controller.AuthController#login(LoginRequest)
2026-03-14T21:57:59.835+05:30 DEBUG 20192 --- [skillforge-backend] [nio-8081-exec-7] m.m.a.RequestResponseBodyMethodProcessor : Read "application/json;charset=UTF-8" to [LoginRequest(email=learner@skillforge.com, password=learner123)]
2026-03-14T21:58:00.231+05:30 DEBUG 20192 --- [skillforge-backend] [nio-8081-exec-7] org.hibernate.SQL                        : 
    select
        u1_0.user_id,
        u1_0.created_at,
        u1_0.email,
        u1_0.first_name,
        u1_0.is_active,
        u1_0.is_verified,
        u1_0.last_login,
        u1_0.last_name,
        u1_0.password_hash,
        u1_0.profile_picture_url,
        u1_0.role,
        u1_0.updated_at 
    from
        users u1_0 
    where
        u1_0.email=?
Hibernate: 
    select
        u1_0.user_id,
        u1_0.created_at,
        u1_0.email,
        u1_0.first_name,
        u1_0.is_active,
        u1_0.is_verified,
        u1_0.last_login,
        u1_0.last_name,
        u1_0.password_hash,
        u1_0.profile_picture_url,
        u1_0.role,
        u1_0.updated_at 
    from
        users u1_0 
    where
        u1_0.email=?
2026-03-14T21:58:00.549+05:30 DEBUG 20192 --- [skillforge-backend] [nio-8081-exec-7] o.s.s.a.dao.DaoAuthenticationProvider    : Authenticated user
2026-03-14T21:58:00.553+05:30 DEBUG 20192 --- [skillforge-backend] [nio-8081-exec-7] org.hibernate.SQL                        : 
    select
        u1_0.user_id,
        u1_0.created_at,
        u1_0.email,
        u1_0.first_name,
        u1_0.is_active,
        u1_0.is_verified,
        u1_0.last_login,
        u1_0.last_name,
        u1_0.password_hash,
        u1_0.profile_picture_url,
        u1_0.role,
        u1_0.updated_at 
    from
        users u1_0 
    where
        u1_0.email=?
Hibernate: 
    select
        u1_0.user_id,
        u1_0.created_at,
        u1_0.email,
        u1_0.first_name,
        u1_0.is_active,
        u1_0.is_verified,
        u1_0.last_login,
        u1_0.last_name,
        u1_0.password_hash,
        u1_0.profile_picture_url,
        u1_0.role,
        u1_0.updated_at 
    from
        users u1_0 
    where
        u1_0.email=?
2026-03-14T21:58:00.591+05:30 DEBUG 20192 --- [skillforge-backend] [nio-8081-exec-7] org.hibernate.SQL                        : 
    update
        users 
    set
        email=?,
        first_name=?,
        is_active=?,
        is_verified=?,
        last_login=?,
        last_name=?,
        password_hash=?,
        profile_picture_url=?,
        role=?,
        updated_at=? 
    where
        user_id=?
Hibernate: 
    update
        users 
    set
        email=?,
        first_name=?,
        is_active=?,
        is_verified=?,
        last_login=?,
        last_name=?,
        password_hash=?,
        profile_picture_url=?,
        role=?,
        updated_at=? 
    where
        user_id=?
2026-03-14T21:58:00.623+05:30 DEBUG 20192 --- [skillforge-backend] [nio-8081-exec-7] o.s.w.s.m.m.a.HttpEntityMethodProcessor  : Using 'application/json', given [*/*] and supported [application/json, application/*+json]
2026-03-14T21:58:00.624+05:30 DEBUG 20192 --- [skillforge-backend] [nio-8081-exec-7] o.s.w.s.m.m.a.HttpEntityMethodProcessor  : Writing [AuthResponse(user=UserResponse(userId=5e5511bd-5ddb-400f-9201-e6c8c105ca0b, email=learner@skillforge (truncated)...]
2026-03-14T21:58:00.627+05:30 DEBUG 20192 --- [skillforge-backend] [nio-8081-exec-7] o.s.web.servlet.DispatcherServlet        : Completed 200 OK
2026-03-14T21:58:00.645+05:30 DEBUG 20192 --- [skillforge-backend] [io-8081-exec-10] o.s.security.web.FilterChainProxy        : Securing GET /api/learner/exams
2026-03-14T21:58:00.650+05:30 DEBUG 20192 --- [skillforge-backend] [io-8081-exec-10] org.hibernate.SQL                        : 
    select
        u1_0.user_id,
        u1_0.created_at,
        u1_0.email,
        u1_0.first_name,
        u1_0.is_active,
        u1_0.is_verified,
        u1_0.last_login,
        u1_0.last_name,
        u1_0.password_hash,
        u1_0.profile_picture_url,
        u1_0.role,
        u1_0.updated_at 
    from
        users u1_0 
    where
        u1_0.email=?
Hibernate: 
    select
        u1_0.user_id,
        u1_0.created_at,
        u1_0.email,
        u1_0.first_name,
        u1_0.is_active,
        u1_0.is_verified,
        u1_0.last_login,
        u1_0.last_name,
        u1_0.password_hash,
        u1_0.profile_picture_url,
        u1_0.role,
        u1_0.updated_at 
    from
        users u1_0 
    where
        u1_0.email=?
2026-03-14T21:58:00.652+05:30 DEBUG 20192 --- [skillforge-backend] [io-8081-exec-10] o.s.security.web.FilterChainProxy        : Secured GET /api/learner/exams
2026-03-14T21:58:00.652+05:30 DEBUG 20192 --- [skillforge-backend] [io-8081-exec-10] o.s.web.servlet.DispatcherServlet        : GET "/api/learner/exams", parameters={}
2026-03-14T21:58:00.652+05:30 DEBUG 20192 --- [skillforge-backend] [io-8081-exec-10] s.w.s.m.m.a.RequestMappingHandlerMapping : Mapped to com.skillforge.controller.ExamController#getAvailableExams(UserPrincipal)
2026-03-14T21:58:00.653+05:30 DEBUG 20192 --- [skillforge-backend] [io-8081-exec-10] horizationManagerBeforeMethodInterceptor : Authorizing method invocation ReflectiveMethodInvocation: public org.springframework.http.ResponseEntity com.skillforge.controller.ExamController.getAvailableExams(com.skillforge.security.UserPrincipal); target is of class [com.skillforge.controller.ExamController]
2026-03-14T21:58:00.654+05:30 DEBUG 20192 --- [skillforge-backend] [io-8081-exec-10] horizationManagerBeforeMethodInterceptor : Authorized method invocation ReflectiveMethodInvocation: public org.springframework.http.ResponseEntity com.skillforge.controller.ExamController.getAvailableExams(com.skillforge.security.UserPrincipal); target is of class [com.skillforge.controller.ExamController]
2026-03-14T21:58:00.656+05:30 DEBUG 20192 --- [skillforge-backend] [io-8081-exec-10] org.hibernate.SQL                        : 
    select
        e1_0.enrollment_id,
        e1_0.completed_at,
        e1_0.enrolled_at,
        e1_0.goal_id,
        e1_0.last_accessed,
        e1_0.learner_id,
        e1_0.progress_percentage,
        e1_0.status 
    from
        enrollments e1_0 
    left join
        users l1_0 
            on l1_0.user_id=e1_0.learner_id 
    where
        l1_0.user_id=?
Hibernate: 
    select
        e1_0.enrollment_id,
        e1_0.completed_at,
        e1_0.enrolled_at,
        e1_0.goal_id,
        e1_0.last_accessed,
        e1_0.learner_id,
        e1_0.progress_percentage,
        e1_0.status 
    from
        enrollments e1_0 
    left join
        users l1_0 
            on l1_0.user_id=e1_0.learner_id 
    where
        l1_0.user_id=?
2026-03-14T21:58:00.658+05:30 DEBUG 20192 --- [skillforge-backend] [io-8081-exec-10] org.hibernate.SQL                        : 
    select
        lg1_0.goal_id,
        lg1_0.created_at,
        lg1_0.description,
        lg1_0.difficulty_level,
        lg1_0.instructor_id,
        i1_0.user_id,
        i1_0.created_at,
        i1_0.email,
        i1_0.first_name,
        i1_0.is_active,
        i1_0.is_verified,
        i1_0.last_login,
        i1_0.last_name,
        i1_0.password_hash,
        i1_0.profile_picture_url,
        i1_0.role,
        i1_0.updated_at,
        lg1_0.is_published,
        lg1_0.learning_outcomes,
        lg1_0.prerequisites,
        lg1_0.subject,
        lg1_0.title,
        lg1_0.updated_at 
    from
        learning_goals lg1_0 
    join
        users i1_0 
            on i1_0.user_id=lg1_0.instructor_id 
    where
        lg1_0.goal_id=?
Hibernate: 
    select
        lg1_0.goal_id,
        lg1_0.created_at,
        lg1_0.description,
        lg1_0.difficulty_level,
        lg1_0.instructor_id,
        i1_0.user_id,
        i1_0.created_at,
        i1_0.email,
        i1_0.first_name,
        i1_0.is_active,
        i1_0.is_verified,
        i1_0.last_login,
        i1_0.last_name,
        i1_0.password_hash,
        i1_0.profile_picture_url,
        i1_0.role,
        i1_0.updated_at,
        lg1_0.is_published,
        lg1_0.learning_outcomes,
        lg1_0.prerequisites,
        lg1_0.subject,
        lg1_0.title,
        lg1_0.updated_at 
    from
        learning_goals lg1_0 
    join
        users i1_0 
            on i1_0.user_id=lg1_0.instructor_id 
    where
        lg1_0.goal_id=?
2026-03-14T21:58:00.660+05:30 DEBUG 20192 --- [skillforge-backend] [io-8081-exec-10] org.hibernate.SQL                        : 
    select
        u1_0.user_id,
        u1_0.created_at,
        u1_0.email,
        u1_0.first_name,
        u1_0.is_active,
        u1_0.is_verified,
        u1_0.last_login,
        u1_0.last_name,
        u1_0.password_hash,
        u1_0.profile_picture_url,
        u1_0.role,
        u1_0.updated_at 
    from
        users u1_0 
    where
        u1_0.user_id=?
Hibernate: 
    select
        u1_0.user_id,
        u1_0.created_at,
        u1_0.email,
        u1_0.first_name,
        u1_0.is_active,
        u1_0.is_verified,
        u1_0.last_login,
        u1_0.last_name,
        u1_0.password_hash,
        u1_0.profile_picture_url,
        u1_0.role,
        u1_0.updated_at 
    from
        users u1_0 
    where
        u1_0.user_id=?
2026-03-14T21:58:00.661+05:30 DEBUG 20192 --- [skillforge-backend] [io-8081-exec-10] org.hibernate.SQL                        : 
    select
        lg1_0.goal_id,
        lg1_0.created_at,
        lg1_0.description,
        lg1_0.difficulty_level,
        lg1_0.instructor_id,
        i1_0.user_id,
        i1_0.created_at,
        i1_0.email,
        i1_0.first_name,
        i1_0.is_active,
        i1_0.is_verified,
        i1_0.last_login,
        i1_0.last_name,
        i1_0.password_hash,
        i1_0.profile_picture_url,
        i1_0.role,
        i1_0.updated_at,
        lg1_0.is_published,
        lg1_0.learning_outcomes,
        lg1_0.prerequisites,
        lg1_0.subject,
        lg1_0.title,
        lg1_0.updated_at 
    from
        learning_goals lg1_0 
    join
        users i1_0 
            on i1_0.user_id=lg1_0.instructor_id 
    where
        lg1_0.goal_id=?
Hibernate: 
    select
        lg1_0.goal_id,
        lg1_0.created_at,
        lg1_0.description,
        lg1_0.difficulty_level,
        lg1_0.instructor_id,
        i1_0.user_id,
        i1_0.created_at,
        i1_0.email,
        i1_0.first_name,
        i1_0.is_active,
        i1_0.is_verified,
        i1_0.last_login,
        i1_0.last_name,
        i1_0.password_hash,
        i1_0.profile_picture_url,
        i1_0.role,
        i1_0.updated_at,
        lg1_0.is_published,
        lg1_0.learning_outcomes,
        lg1_0.prerequisites,
        lg1_0.subject,
        lg1_0.title,
        lg1_0.updated_at 
    from
        learning_goals lg1_0 
    join
        users i1_0 
            on i1_0.user_id=lg1_0.instructor_id 
    where
        lg1_0.goal_id=?
2026-03-14T21:58:00.663+05:30 DEBUG 20192 --- [skillforge-backend] [io-8081-exec-10] org.hibernate.SQL                        : 
    select
        lg1_0.goal_id,
        lg1_0.created_at,
        lg1_0.description,
        lg1_0.difficulty_level,
        lg1_0.instructor_id,
        i1_0.user_id,
        i1_0.created_at,
        i1_0.email,
        i1_0.first_name,
        i1_0.is_active,
        i1_0.is_verified,
        i1_0.last_login,
        i1_0.last_name,
        i1_0.password_hash,
        i1_0.profile_picture_url,
        i1_0.role,
        i1_0.updated_at,
        lg1_0.is_published,
        lg1_0.learning_outcomes,
        lg1_0.prerequisites,
        lg1_0.subject,
        lg1_0.title,
        lg1_0.updated_at 
    from
        learning_goals lg1_0 
    join
        users i1_0 
            on i1_0.user_id=lg1_0.instructor_id 
    where
        lg1_0.goal_id=?
Hibernate: 
    select
        lg1_0.goal_id,
        lg1_0.created_at,
        lg1_0.description,
        lg1_0.difficulty_level,
        lg1_0.instructor_id,
        i1_0.user_id,
        i1_0.created_at,
        i1_0.email,
        i1_0.first_name,
        i1_0.is_active,
        i1_0.is_verified,
        i1_0.last_login,
        i1_0.last_name,
        i1_0.password_hash,
        i1_0.profile_picture_url,
        i1_0.role,
        i1_0.updated_at,
        lg1_0.is_published,
        lg1_0.learning_outcomes,
        lg1_0.prerequisites,
        lg1_0.subject,
        lg1_0.title,
        lg1_0.updated_at 
    from
        learning_goals lg1_0 
    join
        users i1_0 
            on i1_0.user_id=lg1_0.instructor_id 
    where
        lg1_0.goal_id=?
2026-03-14T21:58:00.664+05:30 DEBUG 20192 --- [skillforge-backend] [io-8081-exec-10] org.hibernate.SQL                        : 
    select
        lg1_0.goal_id,
        lg1_0.created_at,
        lg1_0.description,
        lg1_0.difficulty_level,
        lg1_0.instructor_id,
        i1_0.user_id,
        i1_0.created_at,
        i1_0.email,
        i1_0.first_name,
        i1_0.is_active,
        i1_0.is_verified,
        i1_0.last_login,
        i1_0.last_name,
        i1_0.password_hash,
        i1_0.profile_picture_url,
        i1_0.role,
        i1_0.updated_at,
        lg1_0.is_published,
        lg1_0.learning_outcomes,
        lg1_0.prerequisites,
        lg1_0.subject,
        lg1_0.title,
        lg1_0.updated_at 
    from
        learning_goals lg1_0 
    join
        users i1_0 
            on i1_0.user_id=lg1_0.instructor_id 
    where
        lg1_0.goal_id=?
Hibernate: 
    select
        lg1_0.goal_id,
        lg1_0.created_at,
        lg1_0.description,
        lg1_0.difficulty_level,
        lg1_0.instructor_id,
        i1_0.user_id,
        i1_0.created_at,
        i1_0.email,
        i1_0.first_name,
        i1_0.is_active,
        i1_0.is_verified,
        i1_0.last_login,
        i1_0.last_name,
        i1_0.password_hash,
        i1_0.profile_picture_url,
        i1_0.role,
        i1_0.updated_at,
        lg1_0.is_published,
        lg1_0.learning_outcomes,
        lg1_0.prerequisites,
        lg1_0.subject,
        lg1_0.title,
        lg1_0.updated_at 
    from
        learning_goals lg1_0 
    join
        users i1_0 
            on i1_0.user_id=lg1_0.instructor_id 
    where
        lg1_0.goal_id=?
2026-03-14T21:58:00.669+05:30 DEBUG 20192 --- [skillforge-backend] [io-8081-exec-10] org.hibernate.SQL                        : 
    select
        e1_0.exam_id,
        e1_0.conduct_method,
        e1_0.course_id,
        e1_0.created_at,
        e1_0.description,
        e1_0.duration_minutes,
        e1_0.exam_type,
        e1_0.instructor_id,
        e1_0.learner_owner_id,
        e1_0.learning_goals,
        e1_0.passing_score,
        e1_0.scheduled_date,
        e1_0.source_exam_id,
        e1_0.status,
        e1_0.title,
        e1_0.total_questions,
        e1_0.updated_at 
    from
        exams e1_0 
    left join
        learning_goals c1_0 
            on c1_0.goal_id=e1_0.course_id 
    where
        c1_0.goal_id in (?, ?, ?, ?)
Hibernate: 
    select
        e1_0.exam_id,
        e1_0.conduct_method,
        e1_0.course_id,
        e1_0.created_at,
        e1_0.description,
        e1_0.duration_minutes,
        e1_0.exam_type,
        e1_0.instructor_id,
        e1_0.learner_owner_id,
        e1_0.learning_goals,
        e1_0.passing_score,
        e1_0.scheduled_date,
        e1_0.source_exam_id,
        e1_0.status,
        e1_0.title,
        e1_0.total_questions,
        e1_0.updated_at 
    from
        exams e1_0 
    left join
        learning_goals c1_0 
            on c1_0.goal_id=e1_0.course_id 
    where
        c1_0.goal_id in (?, ?, ?, ?)
2026-03-14T21:58:00.673+05:30 DEBUG 20192 --- [skillforge-backend] [io-8081-exec-10] org.hibernate.SQL                        : 
    select
        e1_0.exam_id,
        e1_0.conduct_method,
        e1_0.course_id,
        e1_0.created_at,
        e1_0.description,
        e1_0.duration_minutes,
        e1_0.exam_type,
        e1_0.instructor_id,
        e1_0.learner_owner_id,
        e1_0.learning_goals,
        e1_0.passing_score,
        e1_0.scheduled_date,
        e1_0.source_exam_id,
        e1_0.status,
        e1_0.title,
        e1_0.total_questions,
        e1_0.updated_at 
    from
        exams e1_0 
    left join
        users lo1_0 
            on lo1_0.user_id=e1_0.learner_owner_id 
    where
        lo1_0.user_id=?
Hibernate: 
    select
        e1_0.exam_id,
        e1_0.conduct_method,
        e1_0.course_id,
        e1_0.created_at,
        e1_0.description,
        e1_0.duration_minutes,
        e1_0.exam_type,
        e1_0.instructor_id,
        e1_0.learner_owner_id,
        e1_0.learning_goals,
        e1_0.passing_score,
        e1_0.scheduled_date,
        e1_0.source_exam_id,
        e1_0.status,
        e1_0.title,
        e1_0.total_questions,
        e1_0.updated_at 
    from
        exams e1_0 
    left join
        users lo1_0 
            on lo1_0.user_id=e1_0.learner_owner_id 
    where
        lo1_0.user_id=?
2026-03-14T21:58:00.677+05:30 DEBUG 20192 --- [skillforge-backend] [io-8081-exec-10] o.s.w.s.m.m.a.HttpEntityMethodProcessor  : Using 'application/json', given [*/*] and supported [application/json, application/*+json]
2026-03-14T21:58:00.677+05:30 DEBUG 20192 --- [skillforge-backend] [io-8081-exec-10] org.hibernate.SQL                        : 
    select
        c1_0.goal_id,
        c1_0.content_id,
        c1_0.content_text,
        c1_0.content_type,
        c1_0.content_url,
        c1_0.created_at,
        c1_0.difficulty_level,
        c1_0.duration_minutes,
        c1_0.metadata,
        c1_0.order_index,
        c1_0.parent_content_id,
        c1_0.title,
        c1_0.updated_at 
    from
        learning_content c1_0 
    where
        c1_0.goal_id=?
Hibernate: 
    select
        c1_0.goal_id,
        c1_0.content_id,
        c1_0.content_text,
        c1_0.content_type,
        c1_0.content_url,
        c1_0.created_at,
        c1_0.difficulty_level,
        c1_0.duration_minutes,
        c1_0.metadata,
        c1_0.order_index,
        c1_0.parent_content_id,
        c1_0.title,
        c1_0.updated_at 
    from
        learning_content c1_0 
    where
        c1_0.goal_id=?
2026-03-14T21:58:00.680+05:30 DEBUG 20192 --- [skillforge-backend] [io-8081-exec-10] org.hibernate.SQL                        : 
    select
        c1_0.goal_id,
        c1_0.content_id,
        c1_0.content_text,
        c1_0.content_type,
        c1_0.content_url,
        c1_0.created_at,
        c1_0.difficulty_level,
        c1_0.duration_minutes,
        c1_0.metadata,
        c1_0.order_index,
        c1_0.parent_content_id,
        c1_0.title,
        c1_0.updated_at 
    from
        learning_content c1_0 
    where
        c1_0.goal_id=?
Hibernate: 
    select
        c1_0.goal_id,
        c1_0.content_id,
        c1_0.content_text,
        c1_0.content_type,
        c1_0.content_url,
        c1_0.created_at,
        c1_0.difficulty_level,
        c1_0.duration_minutes,
        c1_0.metadata,
        c1_0.order_index,
        c1_0.parent_content_id,
        c1_0.title,
        c1_0.updated_at 
    from
        learning_content c1_0 
    where
        c1_0.goal_id=?
2026-03-14T21:58:00.680+05:30 DEBUG 20192 --- [skillforge-backend] [io-8081-exec-10] o.s.w.s.m.m.a.HttpEntityMethodProcessor  : Writing [[{examId=cffc4b16-6f0f-4e30-875d-19e27a97b5a3, title=react hooks Practice, description=Learner-gener (truncated)...]
2026-03-14T21:58:00.681+05:30 DEBUG 20192 --- [skillforge-backend] [io-8081-exec-10] o.s.web.servlet.DispatcherServlet        : Completed 200 OK
2026-03-14T21:58:03.299+05:30 DEBUG 20192 --- [skillforge-backend] [nio-8081-exec-3] o.s.security.web.FilterChainProxy        : Securing POST /api/auth/login
2026-03-14T21:58:03.299+05:30 DEBUG 20192 --- [skillforge-backend] [nio-8081-exec-3] o.s.s.w.a.AnonymousAuthenticationFilter  : Set SecurityContextHolder to anonymous SecurityContext
2026-03-14T21:58:03.299+05:30 DEBUG 20192 --- [skillforge-backend] [nio-8081-exec-3] o.s.security.web.FilterChainProxy        : Secured POST /api/auth/login
2026-03-14T21:58:03.300+05:30 DEBUG 20192 --- [skillforge-backend] [nio-8081-exec-3] o.s.web.servlet.DispatcherServlet        : POST "/api/auth/login", parameters={}
2026-03-14T21:58:03.300+05:30 DEBUG 20192 --- [skillforge-backend] [nio-8081-exec-3] s.w.s.m.m.a.RequestMappingHandlerMapping : Mapped to com.skillforge.controller.AuthController#login(LoginRequest)
2026-03-14T21:58:03.300+05:30 DEBUG 20192 --- [skillforge-backend] [nio-8081-exec-3] m.m.a.RequestResponseBodyMethodProcessor : Read "application/json;charset=UTF-8" to [LoginRequest(email=learner@skillforge.com, password=learner123)]
2026-03-14T21:58:03.302+05:30 DEBUG 20192 --- [skillforge-backend] [nio-8081-exec-3] org.hibernate.SQL                        : 
    select
        u1_0.user_id,
        u1_0.created_at,
        u1_0.email,
        u1_0.first_name,
        u1_0.is_active,
        u1_0.is_verified,
        u1_0.last_login,
        u1_0.last_name,
        u1_0.password_hash,
        u1_0.profile_picture_url,
        u1_0.role,
        u1_0.updated_at 
    from
        users u1_0 
    where
        u1_0.email=?
Hibernate: 
    select
        u1_0.user_id,
        u1_0.created_at,
        u1_0.email,
        u1_0.first_name,
        u1_0.is_active,
        u1_0.is_verified,
        u1_0.last_login,
        u1_0.last_name,
        u1_0.password_hash,
        u1_0.profile_picture_url,
        u1_0.role,
        u1_0.updated_at 
    from
        users u1_0 
    where
        u1_0.email=?
2026-03-14T21:58:03.635+05:30 DEBUG 20192 --- [skillforge-backend] [nio-8081-exec-3] o.s.s.a.dao.DaoAuthenticationProvider    : Authenticated user
2026-03-14T21:58:03.637+05:30 DEBUG 20192 --- [skillforge-backend] [nio-8081-exec-3] org.hibernate.SQL                        : 
    select
        u1_0.user_id,
        u1_0.created_at,
        u1_0.email,
        u1_0.first_name,
        u1_0.is_active,
        u1_0.is_verified,
        u1_0.last_login,
        u1_0.last_name,
        u1_0.password_hash,
        u1_0.profile_picture_url,
        u1_0.role,
        u1_0.updated_at 
    from
        users u1_0 
    where
        u1_0.email=?
Hibernate: 
    select
        u1_0.user_id,
        u1_0.created_at,
        u1_0.email,
        u1_0.first_name,
        u1_0.is_active,
        u1_0.is_verified,
        u1_0.last_login,
        u1_0.last_name,
        u1_0.password_hash,
        u1_0.profile_picture_url,
        u1_0.role,
        u1_0.updated_at 
    from
        users u1_0 
    where
        u1_0.email=?
2026-03-14T21:58:03.640+05:30 DEBUG 20192 --- [skillforge-backend] [nio-8081-exec-3] org.hibernate.SQL                        : 
    update
        users 
    set
        email=?,
        first_name=?,
        is_active=?,
        is_verified=?,
        last_login=?,
        last_name=?,
        password_hash=?,
        profile_picture_url=?,
        role=?,
        updated_at=? 
    where
        user_id=?
Hibernate: 
    update
        users 
    set
        email=?,
        first_name=?,
        is_active=?,
        is_verified=?,
        last_login=?,
        last_name=?,
        password_hash=?,
        profile_picture_url=?,
        role=?,
        updated_at=? 
    where
        user_id=?
2026-03-14T21:58:03.644+05:30 DEBUG 20192 --- [skillforge-backend] [nio-8081-exec-3] o.s.w.s.m.m.a.HttpEntityMethodProcessor  : Using 'application/json', given [*/*] and supported [application/json, application/*+json]
2026-03-14T21:58:03.644+05:30 DEBUG 20192 --- [skillforge-backend] [nio-8081-exec-3] o.s.w.s.m.m.a.HttpEntityMethodProcessor  : Writing [AuthResponse(user=UserResponse(userId=5e5511bd-5ddb-400f-9201-e6c8c105ca0b, email=learner@skillforge (truncated)...]
2026-03-14T21:58:03.645+05:30 DEBUG 20192 --- [skillforge-backend] [nio-8081-exec-3] o.s.web.servlet.DispatcherServlet        : Completed 200 OK
2026-03-14T21:58:03.650+05:30 DEBUG 20192 --- [skillforge-backend] [nio-8081-exec-5] o.s.security.web.FilterChainProxy        : Securing POST /api/ai/generate-exam
2026-03-14T21:58:03.655+05:30 DEBUG 20192 --- [skillforge-backend] [nio-8081-exec-5] org.hibernate.SQL                        : 
    select
        u1_0.user_id,
        u1_0.created_at,
        u1_0.email,
        u1_0.first_name,
        u1_0.is_active,
        u1_0.is_verified,
        u1_0.last_login,
        u1_0.last_name,
        u1_0.password_hash,
        u1_0.profile_picture_url,
        u1_0.role,
        u1_0.updated_at 
    from
        users u1_0 
    where
        u1_0.email=?
Hibernate: 
    select
        u1_0.user_id,
        u1_0.created_at,
        u1_0.email,
        u1_0.first_name,
        u1_0.is_active,
        u1_0.is_verified,
        u1_0.last_login,
        u1_0.last_name,
        u1_0.password_hash,
        u1_0.profile_picture_url,
        u1_0.role,
        u1_0.updated_at 
    from
        users u1_0 
    where
        u1_0.email=?
2026-03-14T21:58:03.658+05:30 DEBUG 20192 --- [skillforge-backend] [nio-8081-exec-5] o.s.security.web.FilterChainProxy        : Secured POST /api/ai/generate-exam
2026-03-14T21:58:03.659+05:30 DEBUG 20192 --- [skillforge-backend] [nio-8081-exec-5] o.s.web.servlet.DispatcherServlet        : POST "/api/ai/generate-exam", parameters={}
2026-03-14T21:58:03.659+05:30 DEBUG 20192 --- [skillforge-backend] [nio-8081-exec-5] s.w.s.m.m.a.RequestMappingHandlerMapping : Mapped to com.skillforge.controller.AIController#generateExamQuestions(Map)
2026-03-14T21:58:03.663+05:30 DEBUG 20192 --- [skillforge-backend] [nio-8081-exec-5] m.m.a.RequestResponseBodyMethodProcessor : Read "application/json;charset=UTF-8" to [{format=MCQ, topics=react hooks, count=2}]
2026-03-14T21:58:03.663+05:30 DEBUG 20192 --- [skillforge-backend] [nio-8081-exec-5] horizationManagerBeforeMethodInterceptor : Authorizing method invocation ReflectiveMethodInvocation: public org.springframework.http.ResponseEntity com.skillforge.controller.AIController.generateExamQuestions(java.util.Map); target is of class [com.skillforge.controller.AIController]
2026-03-14T21:58:03.665+05:30 DEBUG 20192 --- [skillforge-backend] [nio-8081-exec-5] horizationManagerBeforeMethodInterceptor : Authorized method invocation ReflectiveMethodInvocation: public org.springframework.http.ResponseEntity com.skillforge.controller.AIController.generateExamQuestions(java.util.Map); target is of class [com.skillforge.controller.AIController]
2026-03-14T21:58:03.793+05:30 DEBUG 20192 --- [skillforge-backend] [nio-8081-exec-5] o.s.web.client.RestTemplate              : HTTP POST https://generativelanguage.googleapis.com/v1beta/models/gemini-2.5-flash:generateContent?key=AIzaSyAtFPVvf2qsoj7WUVWMBxFek37d4X2i6-E
2026-03-14T21:58:03.797+05:30 DEBUG 20192 --- [skillforge-backend] [nio-8081-exec-5] o.s.web.client.RestTemplate              : Accept=[text/plain, application/json, application/*+json, */*]
2026-03-14T21:58:03.797+05:30 DEBUG 20192 --- [skillforge-backend] [nio-8081-exec-5] o.s.web.client.RestTemplate              : Writing [{"contents":[{"parts":[{"text":"Generate exactly 2 exam questions about: react hooks. Generate strictly multiple-choice questions. Each object must have: 'questionText' (string), 'questionType' (strictly 'MCQ'), 'options' (array of 4 strings), and 'correctAnswer' (string matching one option exactly). Return ONLY a strictly structured JSON array format. Do not use markdown wraps like ```json. "}]}]}] as "application/json"
2026-03-14T21:58:06.450+05:30 DEBUG 20192 --- [skillforge-backend] [nio-8081-exec-5] o.s.web.client.RestTemplate              : Response 200 OK
2026-03-14T21:58:06.453+05:30 DEBUG 20192 --- [skillforge-backend] [nio-8081-exec-5] o.s.web.client.RestTemplate              : Reading to [java.lang.String] as "application/json;charset=UTF-8"
2026-03-14T21:58:06.458+05:30 DEBUG 20192 --- [skillforge-backend] [nio-8081-exec-5] o.s.w.s.m.m.a.HttpEntityMethodProcessor  : Using 'text/plain', given [*/*] and supported [text/plain, */*, application/json, application/*+json]
2026-03-14T21:58:06.459+05:30 DEBUG 20192 --- [skillforge-backend] [nio-8081-exec-5] o.s.w.s.m.m.a.HttpEntityMethodProcessor  : Writing ["[<EOL>  {<EOL>    "questionText": "Which of the following statements about the 'useState' hook is TRUE?",<EOL>   (truncated)..."]
2026-03-14T21:58:06.460+05:30 DEBUG 20192 --- [skillforge-backend] [nio-8081-exec-5] o.s.web.servlet.DispatcherServlet        : Completed 200 OK
